PRIMARY_SSIC_DESCRIPTION,PREDICTED_L1,CONFIDENCE
MANUFACTURE OF JEWELLERY EXCEPT COSTUME JEWELLERY,Luxury Goods & Jewelry,0.6083574295043945
RETAIL SALE OF TEXTILES,Textiles,0.628690242767334
MONEY-LENDING,Banking,0.5876414179801941
"GENERAL CLEANING SERVICES (INCLUDING CLEANING OF PUBLIC AREAS, OFFICES AND FACTORIES) EXCEPT HOUSEHOLD CLEANING AND ONLINE MARKETPLACES",Facilities Services,0.5073758363723755
OTHER BUSINESS SUPPORT SERVICE ACTIVITIES (E.G. ADMINISTRATION OF LOYALTY PROGRAMMES),Consumer Services,0.5727601647377014
WHOLESALE TRADE OF A VARIETY OF GOODS WITHOUT A DOMINANT PRODUCT,Wholesale,0.539646565914154
"MANUFACTURE OF SADDLERY, HARNESS AND ARTICLES OF LEATHER N.E.C. (EG COIN PURSES, KEY CASES)",Luxury Goods & Jewelry,0.48103928565979004
"MANUFACTURE OF METAL CANS, CONTAINERS AND RELATED PRODUCTS N.E.C. (EG BARRELS, STEEL DRUMS, KEGS)",Mining & Metals,0.5119649767875671
"RETAIL SALE OF ELECTRICAL HOUSEHOLD APPLIANCES, FURNITURE, LIGHTING EQUIPMENT AND OTHER HOUSEHOLD ARTICLES N.E.C.",Business Supplies & Equipment,0.5499598979949951
"PROCESSING OF NATURAL GUMS N.E.C. (EG GUM DAMAR, JELUTONG)",Paper & Forest Products,0.3753780722618103
"RETAIL SALE OF SPORTS APPAREL AND EQUIPMENT (INCLUDING BICYCLES, BOATS AND HEALTHCARE EQUIPMENT)",Retail,0.558300256729126
"FOOD COURTS, COFFEE SHOPS AND CANTEENS (WITH MAINLY FOOD AND BEVERAGE INCOME)",Restaurants,0.5458598732948303
WHOLESALE OF HEALTH SUPPLEMENTS,Wholesale,0.5900496244430542
MANUFACTURE OF FURNITURE OF RATTAN AND CANE,Furniture,0.5600113868713379
MANUFACTURE OF OUTER GARMENTS,Textiles,0.6409380435943604
"WHOLESALE OF CROCKERY, CUTLERY AND KITCHEN UTENSILS",Wholesale,0.6320065259933472
CAFES,Restaurants,0.7202784419059753
MANUFACTURE AND REPAIR OF LIFTING AND HOISTING MACHINERY EXCEPT ELECTRICAL,Machinery,0.5308926105499268
"MANUFACTURE OF PLASTIC TABLEWARE, HOUSEHOLD AND KITCHEN WARE (EXCLUDING DISPOSABLE UTENSILS)",Plastics,0.5593910217285156
WHOLESALE OF COSMETICS AND TOILETRIES,Wholesale,0.6924882531166077
"MANUFACTURE OF WEARING APPAREL EXCEPT FUR APPAREL N.E.C. (EG SONGKOKS, CAPS, GLOVES AND MITTENS, GARTERS, HANDKERCHIEFS, RAINCOATS, SHAWLS AND HAIR NETS)",Apparel & Fashion,0.6021623611450195
FISHING N.E.C.,Fishery,0.6441240310668945
"MANUFACTURE AND REPAIR OF TANKS, RESERVOIRS AND CONTAINERS OF METAL (EG METAL CYLINDERS, STORAGE VESSELS AND CONTAINERS FOR COMPRESSED OR LIQUEFIED GAS)",Shipbuilding,0.43727928400039673
MANUFACTURE OF CLAY PRODUCTS N.E.C.,Building Materials,0.46460679173469543
"WHOLESALE OF FURNITURE, HOME FURNISHINGS AND OTHER HOUSEHOLD EQUIPMENT N.E.C.",Wholesale,0.6458852291107178
"PUBLISHING OF BOOKS, BROCHURES, MUSICAL BOOKS AND OTHER PUBLICATIONS",Publishing,0.6619731783866882
MANUFACTURE OF NON-DAIRY CREAMER,Dairy,0.4896613657474518
RETAIL SALE OF JOSS PAPER AND OTHER CEREMONIAL PRODUCTS,Paper & Forest Products,0.5409815311431885
RETAIL SALE OF CAMERAS AND OTHER PHOTOGRAPHIC GOODS,Retail,0.5173968076705933
WHOLESALE OF OTHER HOUSEHOLD GOODS N.E.C.,Wholesale,0.7010695934295654
"WHOLESALE OF MUSIC AND VIDEO RECORDINGS (E.G. DVDS, BLU-RAY DISCS)",Wholesale,0.5840924382209778
WHOLESALE OF PERSONAL EFFECTS N.E.C.,Wholesale,0.539349377155304
MANUFACTURE OF OTHER ELECTRONIC COMPONENTS AND BOARDS N.E.C.,Consumer Electronics,0.561275064945221
WHOLESALE OF CONSTRUCTION EQUIPMENT (EG CONCRETE MIXER),Business Supplies & Equipment,0.5988562107086182
MANUFACTURE OF BRICKS,Building Materials,0.5652916431427002
ACTIVITIES OF OTHER MEMBERSHIP ORGANISATIONS N.E.C.,Non-Profit Organization Management,0.5662287473678589
COMMODITY (EXCLUDING GOLD) AND FUTURES BROKERS AND DEALERS,Capital Markets,0.4430093467235565
DEBT COLLECTION SERVICES,Legal Services,0.5798750519752502
"MANUFACTURE OF OTHER INSULATION PRODUCTS (EG CERAMIC IC PACKAGES, REFRACTORY MATERIALS, ROCKWOOL PRODUCTS, INSULATION SERVICES)",Building Materials,0.45283621549606323
REPAIR AND SERVICING OF AIRCRAFT AND SPACECRAFT (INCLUDING AIRCRAFT ENGINES AND OTHER PARTS),Airlines/Aviation,0.44270169734954834
WHOLESALE OF PALM OIL,Wholesale,0.626742422580719
MANUFACTURE OF SMART CARDS AND RELATED PRODUCTS (EG SMART CARD READERS),Consumer Electronics,0.4462130069732666
"MANUFACTURE OF ELECTRONIC SECURITY SYSTEMS (INCLUDING ELECTRONIC SENSORS, BURGLAR AND FIRE ALARM SYSTEMS)",Industrial Automation,0.5028558373451233
MANUFACTURE OF SYNTHETIC RUBBER,Plastics,0.3616543412208557
"RETAIL SALE OF COMPUTER HARDWARE (INCLUDING HANDHELD COMPUTERS) AND PERIPHERAL EQUIPMENT, AND COMPUTER SOFTWARE (EXCEPT GAMES AND CYBERSECURITY HARDWARE AND SOFTWARE)",Business Supplies & Equipment,0.5619165301322937
TRADITIONAL/LONG-ONLY ASSET/PORTFOLIO MANAGEMENT,Investment Management,0.5140364766120911
PUBLIC BUS SERVICES (SCHEDULED SERVICES),Events Services,0.43230536580085754
MANUFACTURE OF KNITTED AND CROCHETED APPAREL N.E.C.,Apparel & Fashion,0.6565849781036377
ART AND GRAPHIC DESIGN SERVICES,Graphic Design,0.6240369081497192
HOME HEALTHCARE SERVICES,Hospital & Health Care,0.6332909464836121
STREET-HAIL AND RIDE-HAIL SERVICE PROVIDERS,Consumer Services,0.42068272829055786
MANUFACTURE OF PROBE CARDS,Consumer Electronics,0.37778499722480774
RESEARCH AND EXPERIMENTAL DEVELOPMENT ON ENGINEERING,Mechanical or Industrial Engineering,0.5176587700843811
MANUFACTURE OF COMMUNICATIONS EQUIPMENT N.E.C.,Telecommunications,0.5812826156616211
MANUFACTURE AND REPAIR OF ELECTROTHERAPEUTIC DEVICES,Medical Devices,0.4879032373428345
WHOLESALE OF WATCHES AND CLOCKS,Wholesale,0.5406652688980103
SERVICE ACTIVITIES RELATED TO PRINTING N.E.C. (INCLUDING PLATE-MAKING),Printing,0.5965567827224731
RENOVATION CONTRACTORS,Construction,0.5966213345527649
RETAIL SALE OF AQUARIUM FISHES (INCLUDING FOOD AND ACCESSORIES),Fishery,0.49667954444885254
MANUFACTURE OF TINPLATE CANS,Packaging & Containers,0.33797687292099
ACTIVITIES OF RELIGIOUS ORGANISATIONS N.E.C.,Religious Institutions,0.7133685350418091
MOVIE DISTRIBUTION,Motion Pictures & Film,0.630949854850769
"INSTALLATION OF PLUMBING, HEATING (NON-ELECTRIC) AND AIR-CONDITIONING SYSTEMS",Utilities,0.504838764667511
TECHNICAL AND VOCATIONAL SECONDARY AND POST-SECONDARY NON-TERTIARY EDUCATION,Primary/Secondary Education,0.6951101422309875
GENERAL CONTRACTORS (NON-BUILDING CONSTRUCTION),Construction,0.5876263380050659
SUPPORTING SERVICES TO WATER TRANSPORT N.E.C.,Environmental Services,0.5739306211471558
"MANUFACTURE OF SAUCES INCLUDING SOYA BEAN SAUCE (EG TOMATO SAUCE, CHILLI SAUCE)",Food Production,0.3615855574607849
MANUFACTURE OF ICE EXCEPT DRY ICE,Food & Beverages,0.23627807199954987
SHIP CHANDLERS,Maritime,0.5122228860855103
WHOLESALE OF CHEMICALS AND CHEMICAL PRODUCTS N.E.C.,Wholesale,0.6267805695533752
"MANUFACTURE OF DAIRY PRODUCTS N.E.C. (EG BUTTER, CHEESE, ICE-CREAM MIXES AND POWDER, YOGHURT)",Food Production,0.5152965784072876
JOINERY AND OTHER WOODWORKS (EG LAMINATED OR PARQUET FLOORING),Paper & Forest Products,0.452657014131546
"RETAIL SALE OF CLOTHING, FOOTWEAR AND LEATHER ARTICLES N.E.C.",Apparel & Fashion,0.6171137094497681
"SOIL INVESTIGATION, TREATMENT AND STABILISATION (INCLUDING GROUTING AND GUNITING)",Civil Engineering,0.3899509310722351
MUSEUMS,Fine Art,0.4872373044490814
SCAFFOLDING WORKS,Construction,0.5361582040786743
AIRLINE AGENCIES (FREIGHT),Airlines/Aviation,0.6708489656448364
OFFICE ADMINISTRATIVE SERVICES ON A FEE OR CONTRACT BASIS (EG BILLING AND RECORD KEEPING),Facilities Services,0.5382242202758789
SECONDARY SCHOOLS INCLUDING COMBINED PRIMARY AND SECONDARY SCHOOLS,Primary/Secondary Education,0.6731494665145874
"MARINE CONSTRUCTION (EG HARBOURS, PIERS, DOCKS, WHARVES)",Shipbuilding,0.654582142829895
MANUFACTURE OF STYROFOAM AND PLASTIC DISPOSABLE UTENSILS,Packaging & Containers,0.4608114957809448
INTERNET SEARCH ENGINES,Internet,0.5154086351394653
OTHER MINING AND QUARRYING,Mining & Metals,0.7895793318748474
MEDICAL DIAGNOSTIC IMAGING CENTRES (E.G. X-RAY SERVICES),Hospital & Health Care,0.5520198941230774
MANUFACTURE OF ADDITIVES N.E.C.,Chemicals,0.47858762741088867
NURSERIES AND KINDERGARTENS,Primary/Secondary Education,0.48880526423454285
MANUFACTURE OF EDIBLE VEGETABLE AND ANIMAL OILS AND FATS,Food Production,0.5697819590568542
PRIVATE SECURITY ACTIVITIES,Security & Investigations,0.6198657155036926
PROCESS AND INDUSTRIAL PLANT ENGINEERING DESIGN AND CONSULTANCY SERVICES,Mechanical or Industrial Engineering,0.5081803798675537
CARGO SURVEYING SERVICES,Package/Freight Delivery,0.5339404940605164
RETAIL SALE OF PET BIRDS AND ANIMALS (INCLUDING FOOD AND ACCESSORIES),Luxury Goods & Jewelry,0.4910948574542999
"INTERNET ACCESS PROVIDERS, INCLUDE ISPS",Telecommunications,0.4469422698020935
"REPAIR AND MAINTENANCE OF COMPUTER HARDWARE, DATA PROCESSING EQUIPMENT AND COMPUTER PERIPHERALS",Computer Hardware,0.6061457991600037
"OPERATION OF FISH HATCHERIES AND FISH FARMS N.E.C. (INCLUDING TURTLE, PRAWN, CRAB, MUSSEL FARMS)",Fishery,0.5894701480865479
NURSING AND PERSONAL CARE FACILITIES (INCLUDING NURSING HOMES AND HOSPICES),Hospital & Health Care,0.7310007214546204
RETAIL SALE OF SECURITY AND SAFETY EQUIPMENT,Business Supplies & Equipment,0.6264235973358154
MANUFACTURE OF CAPACITORS,Semiconductors,0.37697476148605347
"ASTROLOGY, PALMISTRY AND OTHER FORTUNE TELLING SERVICES",Financial Services,0.5349307060241699
"WHOLESALE OF CYBERSECURITY SOFTWARE, HARDWARE AND PERIPHERAL EQUIPMENT",Business Supplies & Equipment,0.5519953370094299
REPAIR OF JEWELLERY,Luxury Goods & Jewelry,0.411970853805542
CARBON CREDIT BROKERS/TRADERS,Capital Markets,0.4665389358997345
CHARTERING OF SHIPS AND BOATS WITH CREW (PASSENGER),Shipbuilding,0.43530941009521484
"MANUFACTURE AND REPAIR OF HEATING BOILERS, RADIATORS AND CORRECTORS (INCLUDING PARTS)",Shipbuilding,0.3557683825492859
"DISTILLING, RECTIFYING AND BLENDING OF SPIRITS; ETHYL ALCOHOL PRODUCTION FROM FERMENTED MATERIALS (INCLUDING SAMSU AND CHINESE LIQUORS)",Wine & Spirits,0.5976532101631165
MANUFACTURE OF TRADITIONAL CHINESE MEDICINE,Pharmaceuticals,0.4814817011356354
OTHER EXTRA-TERRITORIAL ORGANISATIONS AND BODIES,Civic & Social Organization,0.45761826634407043
MANUFACTURE OF SPRINGS,Mining & Metals,0.3456763029098511
MUSIC PUBLISHING AND DISTRIBUTION ACTIVITIES,Publishing,0.6061733961105347
MASS RAPID TRANSIT SYSTEMS (INCLUDING LIGHT RAIL),Transportation/Trucking/Railroad,0.5482958555221558
INSURANCE AGENCIES AND AGENTS (INCLUDING FINANCIAL PLANNING SERVICES),Financial Services,0.6191941499710083
"INSTALLATION AND ERECTION OF BUILDING EQUIPMENT (EG LIFTS, ESCALATORS, TRAVELLATORS)",Construction,0.5967494249343872
INTERNATIONAL AND FOREIGN SYSTEM SCHOOLS,Primary/Secondary Education,0.547457754611969
TREASURY CENTRES,Facilities Services,0.5017060041427612
MANUFACTURE OF SAUSAGE,Food Production,0.465716153383255
PROVISION OF MILLING SERVICES,Mining & Metals,0.4921107590198517
STENOGRAPHIC AND SECRETARIAL SERVICES,Legal Services,0.4968251585960388
SUPPORTING SERVICES TO LAND TRANSPORT N.E.C.,Environmental Services,0.5165988206863403
MANUFACTURE OF METAL PRECISION COMPONENTS,Mining & Metals,0.39513611793518066
"MANUFACTURE AND REPAIR OF OTHER SPECIAL PURPOSE MACHINERY N.E.C. (INCLUDING PLATING EQUIPMENT, INDUSTRIAL PAINT MIXERS AND CHEMICAL MIXING EQUIPMENT)",Machinery,0.5014959573745728
"WHOLESALE OF BAGS, LUGGAGE AND TRAVEL ACCESSORIES",Wholesale,0.6473791599273682
NATIONAL POST ACTIVITIES (EG POSTAL SERVICES),Government Administration,0.39850324392318726
"CHILD/STUDENT CARE SERVICES FOR SCHOOL-GOING CHILDREN (EG BEFORE AND AFTER-SCHOOL CARE CENTRES, STUDENT CARE CENTRES)",Individual & Family Services,0.5781478881835938
RECYCLING OF METAL WASTE AND SCRAP,Mining & Metals,0.5643739104270935
"WHOLESALE OF HANDPHONES, HANDPHONE PERIPHERAL EQUIPMENT AND OTHER TELECOMMUNICATIONS EQUIPMENT",Business Supplies & Equipment,0.5950084924697876
ACTIVITIES OF AUCTION HOUSES,Capital Markets,0.4106109142303467
"TRAINING COURSES FOR CONSTRUCTION, REAL ESTATE, SECURITY AND INVESTIGATION SERVICES, CLEANING, LANDSCAPING, WASTE MANAGEMENT AND PEST MANAGEMENT",Professional Training & Coaching,0.47929537296295166
WHOLESALE OF ARTIFICIAL FLOWERS AND PLANTS,Wholesale,0.4844566583633423
MANUFACTURE AND REPAIR OF WIRING DEVICES,Electrical and Electronics,0.5187225341796875
ACTIVITIES OF BUSINESS AND EMPLOYERS' MEMBERSHIP ORGANISATIONS,Civic & Social Organization,0.49252963066101074
SPECIALISED EDUCATION SCHOOLS,Primary/Secondary Education,0.6548291444778442
TRANSPORT VIA PIPELINES,Transportation/Trucking/Railroad,0.4496321678161621
WHOLESALE OF SECURITY AND SAFETY EQUIPMENT,Business Supplies & Equipment,0.6521035432815552
"MANUFACTURE AND REPAIR OF MACHINERY FOR MINING, QUARRYING AND CONSTRUCTION N.E.C.",Mining & Metals,0.5593901872634888
MOSQUES,Religious Institutions,0.6135653257369995
"MANUFACTURE OF BREAD, CAKES AND CONFECTIONERY (EXCLUDING FROZEN BAKERY PRODUCTS)",Food Production,0.49185696244239807
"RETAIL SALE OF HOUSEHOLD ELECTRICAL APPLIANCES AND EQUIPMENT (EG VACUUM CLEANERS, WASHING MACHINES, REFRIGERATORS)",Business Supplies & Equipment,0.5246013402938843
PUBS,Restaurants,0.5799351930618286
REPAIR OF WATCHES AND CLOCKS,Machinery,0.309192955493927
"MANUFACTURE OF DERIVATIVES AND INTERMEDIATES PRODUCED FROM BASIC BUILDING BLOCKS (EG ACETYLS, ACRYLICS, OXOCHEMICALS, STYRENIRS, PHENOLICS, ETHYLENE OXIDE DERIVATIVES AND POLYMERS)",Chemicals,0.4344854950904846
BUILDING CONSTRUCTION N.E.C.,Construction,0.7346060872077942
OTHER HEALTH SERVICES N.E.C. (EXCLUDING ONLINE MARKETPLACES),Hospital & Health Care,0.6025903224945068
WHOLESALE OF TEXTILES AND LEATHERS,Wholesale,0.7166485786437988
STALLS SELLING COOKED FOOD AND PREPARED DRINKS (INCLUDING STALLS AT FOOD COURTS AND MOBILE FOOD HAWKERS),Food & Beverages,0.5597121119499207
FREIGHT TRANSPORT BY ROAD,Transportation/Trucking/Railroad,0.7083030939102173
SAWMILLING,Farming,0.5855873227119446
RICE MILLING,Farming,0.5700428485870361
WHOLESALE OF PAPER AND PAPER PRODUCTS,Paper & Forest Products,0.653134822845459
OTHER CREDIT AGENCIES N.E.C. (EG MOTOR FINANCE),Financial Services,0.39486828446388245
ARCHITECTURAL SERVICES,Architecture & Planning,0.5664529800415039
OTHER PERSONAL SERVICE ACTIVITIES N.E.C. (EXCLUDING ONLINE MARKETPLACES),Consumer Services,0.6253744959831238
"MANUFACTURE AND REPAIR OF GEARS, GEARING AND DRIVING ELEMENTS",Machinery,0.4645952582359314
INTERIOR DESIGN SERVICES,Facilities Services,0.5280529260635376
ACTIVITIES OF SPORTS CLUBS/ASSOCIATIONS AND RELATED ACTIVITIES,Sports,0.5711745023727417
CRANE SERVICES FOR ALL INDUSTRIES EXCEPT CONSTRUCTION,Construction,0.486253559589386
WHOLESALE OF MEDICINAL AND PHARMACEUTICAL PRODUCTS (WESTERN),Wholesale,0.6314471960067749
MANUFACTURE AND ASSEMBLY OF MOTOR VEHICLES,Automotive,0.5684318542480469
SECURITY DEALINGS AND COMMODITY CONTRACTS BROKERAGE ACTIVITIES N.E.C.,Capital Markets,0.578858494758606
TECHNICAL TESTING AND ANALYSIS SERVICES (INCLUDING CERTIFICATION OF PRODUCTS AND SERVICES),Information Technology & Services,0.5010658502578735
MANUFACTURE OF SANITARY WARE OF ENAMELLED IRON AND METAL AND PLUMBERS' WARE OF BRASS,Mining & Metals,0.4107298254966736
MANUFACTURE OF JEWELLERY AND RELATED ARTICLES N.E.C. (EXCEPT COSTUME JEWELLERY),Luxury Goods & Jewelry,0.5576561689376831
MANUFACTURE OF BASIC CHEMICALS N.E.C.,Chemicals,0.5179969668388367
MONEY-CHANGING SERVICES,Financial Services,0.5332380533218384
MANUFACTURE OF PHARMACEUTICAL PRODUCTS AND PREPARATIONS FOR HUMAN USE (EG TABLETED PRODUCTS),Pharmaceuticals,0.6745367646217346
INDUSTRIAL DESIGN ACTIVITIES N.E.C.,Mechanical or Industrial Engineering,0.5307983160018921
MANUFACTURE OF PRINTED CIRCUIT BOARDS WITHOUT ELECTRONIC PARTS,Printing,0.4237663745880127
MANUFACTURE OF COMPUTERS AND DATA PROCESSING EQUIPMENT EXCEPT COMPUTER PERIPHERAL EQUIPMENT,Computer Hardware,0.5375149250030518
MANUFACTURE AND REPAIR OF SOLAR MODULES AND PANELS,Electrical and Electronics,0.3579483926296234
MANUFACTURE OF VEGETABLE AND ANIMAL OILS AND FATS N.E.C.,Food Production,0.5683073401451111
POLYTECHNICS,Higher Education,0.6981371641159058
FASHION (INCLUDING ACCESSORIES) DESIGN SERVICES,Apparel & Fashion,0.6500945091247559
WHOLESALE OF CHILDREN AND INFANTS' CLOTHING (INCLUDING PRODUCTS AND ACCESSORIES FOR INFANTS),Wholesale,0.6139175295829773
"OTHER RELATED SERVICES (EG ELECTRICITY BROKERS, METER READING)",Consumer Services,0.5403695106506348
OTHER RELATED SERVICES (EG ARRANGING FOR SALE OF NATURAL GAS),Financial Services,0.4960812032222748
MANUFACTURE OF SOLVENTS,Chemicals,0.45375385880470276
CALL CENTRES,Consumer Services,0.6809181571006775
MANUFACTURE AND REPAIR OF AGRICULTURAL AND FORESTRY MACHINERY,Machinery,0.5346522331237793
RENTING OF CONSTRUCTION AND CIVIL ENGINEERING MACHINERY AND EQUIPMENT,Business Supplies & Equipment,0.5623660683631897
ROAD AND RAILWAY CONSTRUCTION,Construction,0.6254183053970337
RENTING OF WATER TRANSPORT EQUIPMENT WITHOUT OPERATOR (EG COMMERCIAL BOATS AND SHIPS WITHOUT OPERATOR),Business Supplies & Equipment,0.44503432512283325
MANUFACTURE OF LEADFRAME,Building Materials,0.36915892362594604
MANUFACTURE OF CATALYSTS AND CATALYST REGENERATION,Mining & Metals,0.3068605661392212
"SOCIAL SERVICES FOR CHILDREN AND YOUTHS (EG YOUTH OUTREACH SERVICES, ADOPTION SERVICES)",Individual & Family Services,0.6311569809913635
ASSEMBLY AND TESTING OF SEMICONDUCTORS,Semiconductors,0.6501550674438477
SCHOOLS FOR SPECIAL NEEDS,Primary/Secondary Education,0.4681759476661682
RESEARCH AND EXPERIMENTAL DEVELOPMENT ON ENVIRONMENT AND CLEAN TECHNOLOGIES (EXCLUDING BIOTECHNOLOGY),Renewables & Environment,0.5217641592025757
FURNITURE DESIGN SERVICES,Furniture,0.5821166634559631
"MANUFACTURE AND REPAIR OF RAILWAY AND TRAMWAY LOCOMOTIVES AND ROLLING STOCK (INCLUDING SPECIALISED PARTS EXCEPT ENGINES, ELECTRIC MOTORS AND SIGNALLING EQUIPMENT)",Transportation/Trucking/Railroad,0.5437483787536621
LAYER FARMS (CHICKENS REARED FOR EGGS),Food Production,0.453510046005249
MANUFACTURE AND REPAIR OF LIFTS AND ESCALATORS,Construction,0.4553311765193939
PRIVATE DEBT FUNDS,Venture Capital & Private Equity,0.543017566204071
"WHOLESALE OF AUDIO AND VIDEO EQUIPMENT EXCEPT ELECTRICAL AND ELECTRONIC COMPONENTS (EG RADIO AND TELEVISION SETS, SOUND REPRODUCING AND RECORDING EQUIPMENT)",Wholesale,0.5993549823760986
WHOLESALE OF OTHER MACHINERY AND EQUIPMENT N.E.C.,Business Supplies & Equipment,0.6752595901489258
WHOLESALE OF CONFECTIONERY AND BAKERY PRODUCTS,Wholesale,0.704135537147522
LEGAL ACTIVITIES (EXCLUDING ONLINE MARKETPLACES),Law Practice,0.43717116117477417
INFORMATION TECHNOLOGY CONSULTANCY (EXCEPT CYBERSECURITY),Management Consulting,0.5669208765029907
"BUILDING AND REPAIRING OF SHIPS, TANKERS AND OTHER OCEAN-GOING VESSELS (INCLUDING CONVERSION OF SHIPS INTO OFF-SHORE STRUCTURES)",Shipbuilding,0.7185925245285034
WHOLESALE OF COMPUTER HARDWARE AND PERIPHERAL EQUIPMENT (EXCEPT CYBERSECURITY RELATED HARDWARE AND PERIPHERAL EQUIPMENT),Business Supplies & Equipment,0.6359238624572754
REPRESENTATIVE OFFICES OF FOREIGN INSURERS AND PROFESSIONAL REINSURERS,Insurance,0.47948992252349854
RENTING AND LEASING OF PRIVATE CARS WITHOUT DRIVER (EXCLUDING ONLINE MARKETPLACES),Automotive,0.2661858797073364
DEVELOPMENT OF SOFTWARE AND APPLICATIONS (EXCEPT GAMES AND CYBERSECURITY),Program Development,0.6258796453475952
COMMUNITY DEVELOPMENT COUNCILS AND GRASSROOTS ORGANISATIONS,Civic & Social Organization,0.593897819519043
MANUFACTURE OF ELECTRIC POWER CABLES AND WIRES,Electrical and Electronics,0.5375708341598511
HUMAN RESOURCE CONSULTANCY SERVICES,Human Resources,0.7074140906333923
"MANUFACTURE OF NON-STRUCTURAL PRE-CAST COMPONENTS (EG LIGHTWEIGHT PARTITIONS, SECONDARY ROOF SLABS)",Building Materials,0.5231720805168152
"TRAINING COURSES FOR HEALTHCARE, EDUCATION, COMMUNITY AND SOCIAL SERVICES",Professional Training & Coaching,0.627231240272522
RETAIL SALE OF ARTIFICIAL FLOWERS AND PLANTS,Luxury Goods & Jewelry,0.4490918815135956
MANUFACTURE OF WINDOW AND DOOR SCREENS AND SHADES,Building Materials,0.40694567561149597
MANUFACTURE OF SIGNS AND ADVERTISING DISPLAYS (INCLUDING NEON-LIGHTING),Marketing & Advertising,0.4288533926010132
PRODUCTION OF PRE-CAST COMPONENTS,Building Materials,0.36417874693870544
RECREATION CLUBS (INCLUDING COUNTRY CLUBS),Recreational Facilities & Services,0.5623087882995605
"INSTALLATION OF DOORS, GATES, GRILLES AND WINDOWS",Architecture & Planning,0.5231915712356567
INSTALLATION OF BUILDING AUTOMATED SYSTEMS FOR REMOTE MONITORING,Industrial Automation,0.4927121698856354
"MANUFACTURE OF PHOTOGRAPHIC FILM, PAPER, PLATE AND CHEMICALS",Motion Pictures & Film,0.538154661655426
OTHER SPECIALISED DESIGN ACTIVITIES N.E.C.,Design,0.5218223333358765
FOOD FISH FARMS,Fishery,0.6262494325637817
MANUFACTURE OF COCOA AND CHOCOLATE POWDER FROM BEANS,Food Production,0.3741828501224518
TILE SETTING AND PLASTERING,Building Materials,0.27045679092407227
RETAIL SALE OF CONFECTIONERY AND BAKERY PRODUCTS (NOT MANUFACTURED ON SITE),Wholesale,0.5092299580574036
REMITTANCE SERVICES,Financial Services,0.4903537631034851
ENGINEERING DESIGN AND CONSULTANCY SERVICES IN ENERGY MANAGEMENT AND CLEAN ENERGY SYSTEMS,Renewables & Environment,0.41073745489120483
MANUFACTURE OF INDUSTRIAL GASES AND DRY ICE,Mining & Metals,0.34736305475234985
MANUFACTURE OF PHOTOGRAPHIC EQUIPMENT AND PARTS (INCLUDING LENSES),Photography,0.549730658531189
MANUFACTURE OF FERTILISERS AND NITROGEN COMPOUNDS,Food Production,0.468633770942688
OTHER CANNING AND PRESERVING OF VEGETABLES AND VEGETABLE JUICES (INCLUDING PICKLES),Food Production,0.39847588539123535
WHOLESALE OF ANTIQUES AND WORKS OF ART,Wholesale,0.6062111258506775
DEFENCE ACTIVITIES  N.E.C.,Defense & Space,0.6390589475631714
MANUFACTURE OF PETROLEUM LUBRICATING OIL,Oil & Energy,0.48201075196266174
DAM AND DRAINAGE CONSTRUCTION,Civil Engineering,0.5116124153137207
EVENT/CONCERT ORGANISERS,Events Services,0.6123928427696228
ONLINE MARKETPLACES FOR REAL ESTATE SERVICES,Commercial Real Estate,0.46151816844940186
JUNIOR COLLEGES AND CENTRALISED PRE-UNIVERSITY INSTITUTES (POST-SECONDARY NON-TERTIARY) INCLUDING COMBINED SECONDARY SCHOOLS AND POST-SECONDARY NON-TERTIARY SCHOOLS,Primary/Secondary Education,0.6202425956726074
RENTING AND LEASING OF BICYCLES AND INLINE/ROLLER SKATES,Recreational Facilities & Services,0.35830652713775635
CROCODILE FARMS,Farming,0.4645931124687195
MARKET RESEARCH AND PUBLIC OPINION POLLING,Market Research,0.7569229006767273
MANUFACTURE OF METAL WIRE AND CABLE PRODUCTS N.E.C.,Mining & Metals,0.4507172107696533
"MANUFACTURE OF NETWORKING PRODUCTS (EG ROUTERS, SWITCHES)",Consumer Electronics,0.49523478746414185
MOVIE PRODUCTION,Media Production,0.6873375773429871
POLISHING OF METALS AND FORMED PRODUCTS,Mining & Metals,0.465004026889801
"REPAIR AND RESTORATION OF CABINETS, FURNITURE, UPHOLSTERY, WINDOW SHADES AND OTHER FIXTURES",Business Supplies & Equipment,0.4629252552986145
WHOLESALE OF TRANSPORT EQUIPMENT EXCEPT MOTOR VEHICLES AND MOTORCYCLES N.E.C.,Wholesale,0.6186541318893433
"TRANSMISSION, DISTRIBUTION AND SALE OF ELECTRICITY",Utilities,0.5641957521438599
"TRAINING COURSES FOR INFORMATION AND COMMUNICATIONS, FINANCE AND PROFESSIONAL SERVICES",Professional Training & Coaching,0.649364709854126
AERIAL CABLEWAYS (INCLUDING CABLE CAR SERVICES),Airlines/Aviation,0.3340461850166321
FITNESS CENTRES AND GYMNASIUMS,Facilities Services,0.5567179918289185
SHORT TERM ACCOMMODATION ACTIVITIES OTHER THAN HOTELS AND CHALETS,"Leisure, Travel & Tourism",0.505974292755127
MANUFACTURE OF SECONDARY BATTERIES,Semiconductors,0.27586695551872253
FROG FARMS,Farming,0.5023994445800781
WHOLESALE OF ELECTRONIC COMPONENTS,Wholesale,0.5544127225875854
MANUFACTURE OF BRASSIERES AND OTHER UNDERGARMENTS,Apparel & Fashion,0.5354961156845093
"EXECUTIVE, LEGISLATIVE AND OTHER GENERAL PUBLIC ADMINISTRATION (EG ISTANA, PARLIAMENT, TAX AUTHORITY)",Government Administration,0.6969772577285767
DUCK FARMS,Farming,0.47773486375808716
FOREIGN ARMED FORCES,Defense & Space,0.5261842608451843
"MANUFACTURE OF MADE-UP TEXTILE ARTICLES EXCEPT APPAREL N.E.C. (EG SCROLLS, FLAGS AND SAILS, BANNERS, CANVAS PRODUCTS, CUSHIONS, PILLOWS)",Textiles,0.672504723072052
MANUFACTURE OF JAMS (INCLUDING FRUIT JELLY),Food Production,0.4161340296268463
STALLS (INCLUDING PUSHCARTS) SELLING UNCOOKED FOOD,Food & Beverages,0.4097965359687805
"WHOLESALE OF LIVESTOCK, MEAT, POULTRY, EGGS AND SEAFOOD (INCLUDING FRESH AND FROZEN)",Wholesale,0.6147596836090088
"MANUFACTURE OF LUGGAGE, BAGS, BRIEF CASES AND THE LIKE",Logistics & Supply Chain,0.5128374695777893
PROCESSING OF COFFEE SEEDS,Food Production,0.34788018465042114
RETAIL SALE OF FOOTWEAR,Retail,0.5727102756500244
"RETAIL SALE OF AUDIO AND VIDEO EQUIPMENT (EG RADIO AND TELEVISION SETS, SOUND REPRODUCING AND RECORDING EQUIPMENT)",Business Supplies & Equipment,0.5616452693939209
OTHER PUBLISHING ACTIVITIES (EXCLUDING ONLINE MARKETPLACES),Publishing,0.6349229216575623
WHOLESALE ON A FEE OR COMMISSION BASIS (EXCLUDING ONLINE MARKETPLACES),Wholesale,0.6343218088150024
OTHER MONETARY INTERMEDIATION,Banking,0.5576938390731812
MANUFACTURE OF OTHER BIOLOGICAL PRODUCTS AND PREPARATIONS FOR HUMAN USE,Pharmaceuticals,0.5645397901535034
PRINTING OF CONTINUOUS AND FAN-FOLD FORMS,Printing,0.488921582698822
RENTING AND LEASING OF LAND TRANSPORT EQUIPMENT (EXCEPT CARS) WITHOUT DRIVER N.E.C. (EXCLUDING ONLINE MARKETPLACES),Business Supplies & Equipment,0.4097667634487152
RETAIL SALE OF COMPUTER GAMES (INCLUDING ELECTRONIC GAMES AND VIDEO GAME CONSOLES),Retail,0.4720681607723236
BANK/FINANCIAL HOLDING COMPANIES (INCLUDING INSURANCE HOLDING COMPANY),Banking,0.5676982402801514
MANUFACTURE OF COOKED-FOOD PREPARATIONS (EG FROZEN DINNERS),Food Production,0.45068472623825073
MANUFACTURE OF FURNITURE AND FIXTURES OF WOOD (INCLUDING UPHOLSTERY),Furniture,0.6178516745567322
MANUFACTURE OF PREPARED ANIMAL FEEDS (INCLUDING ADDITIVES FOR ANIMAL FEED),Food Production,0.5106949806213379
"RETAIL SALE OF SEWING AND CLOTHING ACCESSORIES (EG BUTTON, THREAD, LACE, ZIP, BELT, TIE)",Apparel & Fashion,0.587989330291748
MANUFACTURE OF HANDBAGS,Textiles,0.45661234855651855
MANUFACTURE OF COSTUME JEWELLERY AND RELATED ARTICLES,Luxury Goods & Jewelry,0.5997637510299683
ACCOUNTING AND AUDITING SERVICES (EXCLUDING ONLINE MARKETPLACES),Accounting,0.4838089942932129
"MANUFACTURE OF PAINTS, VARNISHES AND SIMILAR COATINGS AND MASTICS N.E.C.",Marketing & Advertising,0.42832642793655396
WHOLESALE OF HOUSEHOLD ELECTRICAL APPLIANCES AND EQUIPMENT (INCLUDING HOUSEHOLD AIR-CONDITIONERS),Wholesale,0.5929490327835083
"WHOLESALE OF CONSTRUCTION MATERIALS, HARDWARE, PLUMBING AND HEATING EQUIPMENT AND SUPPLIES N.E.C. (EG CEMENT, SAND)",Wholesale,0.5870015621185303
RENTING OF INDUSTRIAL MACHINERY AND EQUIPMENT,Business Supplies & Equipment,0.5860903263092041
WHOLESALE OF AGRICULTURAL RAW MATERIALS AND LIVE ANIMALS N.E.C. (EXCLUDING TROPICAL PRODUCE),Wholesale,0.5841618776321411
"MANUFACTURE OF CEMENT, LIME AND PLASTER",Building Materials,0.553867757320404
PROCESSING OF RUBBER (INCLUDING PROCESSING OF RUBBER LATEX),Paper & Forest Products,0.41602373123168945
HORSE-RACING AND OTHER BETTING ACTIVITIES,Gambling & Casinos,0.6731371879577637
"MOVIE, VIDEO, TELEVISION AND OTHER PROGRAMME DISTRIBUTION ACTIVITIES N.E.C.",Motion Pictures & Film,0.5724754333496094
MERCHANT BANKS,Banking,0.7046299576759338
FINANCE COMPANIES (WITH DEPOSIT TAKING FUNCTIONS),Banking,0.5037106275558472
MANUFACTURE OF VARNISHES AND LACQUERS (INCLUDING ENAMELS),Luxury Goods & Jewelry,0.3884725272655487
OTHER AMUSEMENT AND RECREATION ACTIVITIES N.E.C. (INCLUDING RECREATION PARKS/BEACHES AND RECREATIONAL FISHING),Recreational Facilities & Services,0.7266932725906372
MANUFACTURE OF STEEL STRUCTURAL COMPONENT,Building Materials,0.4632572829723358
ORNAMENTAL FISH FARMS,Fishery,0.5751105546951294
"MANUFACTURE OF OTHER TRANSPORT EQUIPMENT N.E.C. (EG CARTS, WAGONS)",Transportation/Trucking/Railroad,0.6026692390441895
MANUFACTURE OF NON-FERROUS METAL ALLOYS,Mining & Metals,0.4509648084640503
DEVELOPMENT OF COMPUTER GAMES,Computer Games,0.6249713897705078
BOOKBINDING (EG BOOK PACKAGING),Packaging & Containers,0.41141843795776367
"COLLECTION, PURIFICATION AND DISTRIBUTION OF WATER (INCLUDING DESALINATION OF WATER)",Utilities,0.4112127423286438
"MANUFACTURE OF PLUMBING, HEATING AND RELATED PRODUCTS (INCLUDING PARTS) EXCEPT ELECTRIC",Utilities,0.5011058449745178
CREDIT RATING AGENCIES,Financial Services,0.4828428030014038
MANUFACTURE OF INSTANT BEVERAGES,Food & Beverages,0.49732470512390137
RETAIL SALE OF OPTICAL AND PHOTOGRAPHIC GOODS N.E.C.,Retail,0.5389134883880615
RETAIL SALE OF HEALTH SUPPLEMENTS,Pharmaceuticals,0.4928664565086365
"MANUFACTURE OF PLASTIC SHEET, FILM AND ARTICLES THEREOF (EG POLYTHENE AND POLYPROPYLENE BAGS)",Plastics,0.5064736604690552
CORPORATE FINANCE ADVISORY SERVICES,Financial Services,0.6896740794181824
MANUFACTURE OF RUBBER AUTOMOTIVE PARTS,Automotive,0.45135360956192017
AIRLINES (PASSENGER),Airlines/Aviation,0.8264335989952087
MANUFACTURE OF BASIC PRECIOUS AND NON-FERROUS METALS N.E.C.,Mining & Metals,0.5982427597045898
OTHER SPECIALISED CONSTRUCTION AND RELATED ACTIVITIES N.E.C. (EXCLUDING ONLINE MARKETPLACES),Construction,0.5814989805221558
SATELLITE TELECOMMUNICATIONS NETWORK OPERATION,Telecommunications,0.5190508961677551
ACTIVITIES OF HOUSEHOLDS AS EMPLOYERS OF DOMESTIC WORKERS,Individual & Family Services,0.35497987270355225
SINGLE/MULTIPLE FAMILY OFFICES ACTIVITIES (E.G. MANAGING INVESTMENTS AND TRUSTS FOR A SINGLE OR MULTIPLE FAMILIES),Individual & Family Services,0.42052915692329407
MANUFACTURE OF COMPUTERS AND PERIPHERAL EQUIPMENT N.E.C.,Consumer Electronics,0.5669583082199097
WHOLESALE OF BASIC INDUSTRIAL CHEMICALS (EXCEPT FERTILISERS),Wholesale,0.5660339593887329
MANUFACTURE OF PLYWOOD AND VENEER,Building Materials,0.44768255949020386
MANUFACTURE OF ICE-CREAM,Dairy,0.45832398533821106
"MANUFACTURE OF PARTS AND ACCESSORIES FOR MOTOR VEHICLES (EG ENGINE PARTS, BRAKES, CLUTCHES, AXLES, GEAR BOXES)",Automotive,0.577505886554718
MANUFACTURE AND REPAIR OF WELDING AND SOLDERING EQUIPMENT (INCLUDING ARC WELDING ELECTRODES),Mechanical or Industrial Engineering,0.3984762728214264
"MANUFACTURE OF ELECTRICAL MACHINERY, APPARATUS, APPLIANCES AND SUPPLIES (INCLUDING SOUND OR VISUAL SIGNALLING APPARATUS, ELECTRICAL INSULATORS EXCEPT PORCELAIN OR GLASS)",Electrical and Electronics,0.6463749408721924
MANUFACTURE OF VACCINES FOR HUMAN USE,Biotechnology,0.3726745843887329
RETAIL SALE OF COSMETICS AND TOILETRIES (INCLUDING SKIN CARE PRODUCTS),Luxury Goods & Jewelry,0.5929474234580994
LIGHTERAGE SERVICES,Facilities Services,0.47740980982780457
MANUFACTURE OF FOOTWEAR,Apparel & Fashion,0.4741866886615753
WHOLESALE OF STATIONERY,Wholesale,0.5722770690917969
MANUFACTURE OF MEDICAL RESEARCH AND CLINICAL DIAGNOSTIC INSTRUMENTS AND SUPPLIES (EG REAGENTS),Medical Devices,0.5488218069076538
MANUFACTURE OF OTHER RUBBER PRODUCTS N.E.C. (EXCEPT RUBBER FOOTWEAR AND TOYS),Sporting Goods,0.447278767824173
"OPERATORS AND CHARTERERS OF BARGES, TUGBOATS AND BUMBOATS (FREIGHT)",Shipbuilding,0.5469357371330261
"MANUFACTURE OF MOTOR VEHICLE BODIES (COACHWORK), TRAILERS AND SEMI-TRAILERS",Transportation/Trucking/Railroad,0.5451400279998779
"STOCK, SHARE AND BOND BROKERS AND DEALERS",Capital Markets,0.6173224449157715
MANUFACTURE AND REPAIR OF CONSTRUCTION MACHINERY AND PARTS,Construction,0.6113715767860413
LIFE INSURANCE,Insurance,0.7848227620124817
MANUFACTURE OF READY-MIX CONCRETE,Building Materials,0.5054473876953125
MANPOWER CONTRACTING SERVICES (EXCLUDING IT MANPOWER),Staffing & Recruiting,0.5578298568725586
SANDBLASTING/SHOTBLASTING WORKS (EXCEPT SHIPS),Shipbuilding,0.35342729091644287
RENTING OF VCDS AND DVDS,Motion Pictures & Film,0.3621314465999603
OCEAN FISHING EXCEPT FISHING IN KELONGS,Fishery,0.5150594711303711
"WHOLESALE OF LIFTS, ESCALATORS AND INDUSTRIAL AND OFFICE AIR-CONDITIONING EQUIPMENT",Business Supplies & Equipment,0.5994753241539001
SITE PREPARATION N.E.C.,Chemicals,0.4393579959869385
MANUFACTURE OF RUBBER FLOORINGS,Building Materials,0.38201358914375305
TRAINING COURSES FOR SPORTS AND GAMES,Professional Training & Coaching,0.6326342225074768
PROPERTY FUND MANAGEMENT (INCLUDING REIT MANAGEMENT AND DIRECT PROPERTY FUND MANAGEMENT),Commercial Real Estate,0.5869916677474976
"SOCIAL SERVICES FOR THE ELDERLY (EG BEFRIENDER SERVICES, MEAL SERVICES, DROP-IN CENTRES)",Individual & Family Services,0.5673170685768127
"MANUFACTURE OF TILES, PIPES AND CHANNELS (INCLUDING CLAY ROOFING, WALL AND FLOOR TILES, AND EARTHEN AND GLAZED PIPES)",Building Materials,0.5177603363990784
INSTALLATION OF AWNING AND WINDOW SHADES,Architecture & Planning,0.31789064407348633
ONLINE MARKETPLACES FOR EDUCATION SERVICES,E-Learning,0.450670063495636
COASTAL FISHING EXCEPT FISHING IN KELONGS,Fishery,0.5076515674591064
MUTUAL BENEFITS ORGANISATIONS,Civic & Social Organization,0.5015480518341064
DOG BREEDING,Veterinary,0.3495258092880249
MANUFACTURE OF OTHER PORCELAIN AND CERAMIC PRODUCTS N.E.C.,Luxury Goods & Jewelry,0.4276583194732666
GENERAL REINSURANCE,Insurance,0.6509426236152649
CONVENTION/CONFERENCE ORGANISERS,Events Services,0.5246800780296326
"WHOLESALE OF STRUCTURAL CLAY AND CONCRETE PRODUCTS (EG MOSAIC TILES, BRICKS)",Building Materials,0.47699710726737976
IRON AND STEEL AND NON-FERROUS FORGINGS,Mining & Metals,0.47667667269706726
FUND MANAGEMENT ACTIVITIES N.E.C.,Investment Management,0.6292955875396729
SILK SCREEN PRINTING (INCLUDING METAL PRINTING),Printing,0.4772636294364929
DATA CENTRES,Warehousing,0.5433334112167358
METAL PRODUCT SERVICES N.E.C.,Mining & Metals,0.5702463388442993
RESEARCH AND EXPERIMENTAL DEVELOPMENT ON BIOTECHNOLOGY (EXCLUDING MEDICAL SCIENCE),Biotechnology,0.6907440423965454
"MANUFACTURE OF FUR APPAREL AND ARTICLES OF FUR (EG FUR RUGS, MATS AND CUSHIONS)",Textiles,0.567851185798645
"MANUFACTURE OF PLUMBING FIXTURES AND FITTINGS OF VITREOUS CHINA, CHINA AND EARTHENWARE (EG SINKS, CLOSETS, BOWLS)",Business Supplies & Equipment,0.36798590421676636
MARINE INSURANCE,Insurance,0.6837078332901001
"MANUFACTURE AND REPAIR OF SEPARATION/MIXING EQUIPMENT (E.G. FILTERS, SEPARATORS, MIXERS)",Business Supplies & Equipment,0.4862697124481201
PRODUCTION OF PREFABRICATED PREFINISHED VOLUMETRIC CONSTRUCTION (PPVC) MODULES,Construction,0.3351902961730957
"SLITTING, SHEARING AND PASTING OF METAL SHEETING",Mechanical or Industrial Engineering,0.2966185212135315
SOCIAL ESCORT SERVICES,Consumer Services,0.4883780777454376
CHALETS,Hospitality,0.3569153845310211
OTHER SIGHT-SEEING CRUISE SERVICES (EG HARBOUR AND RIVER CRUISES),"Leisure, Travel & Tourism",0.6497844457626343
MANAGEMENT OF SELF-OWNED STRATA TITLED PROPERTY (I.E. MANAGEMENT CORPORATION STRATA TITLE),Non-Profit Organization Management,0.39613550901412964
SEMICONDUCTOR WAFER FABRICATION,Semiconductors,0.5787984132766724
GRADING AND PACKING OF RUBBER,Packaging & Containers,0.41745510697364807
COURIER ACTIVITIES OTHER THAN NATIONAL POST ACTIVITIES,Package/Freight Delivery,0.46814897656440735
GROWING OF FRUITS,Food Production,0.5832759141921997
MANUFACTURE AND REPAIR OF MARINE ENGINE,Shipbuilding,0.4863094687461853
PIG FARMS,Farming,0.5740905404090881
"PRODUCTION OF DRAMAS, VARIETY SHOWS AND DOCUMENTARIES (INCLUDING PRODUCTION OF TELEVISION PROGRAMME)",Media Production,0.5883244276046753
"MANUFACTURE OF DISCRETE DEVICES (EG DIODES, LIGHT-EMITTING DIODES, TRANSISTORS AND RECTIFIERS)",Consumer Electronics,0.5651842355728149
"DATA ANALYTICS, PROCESSING AND RELATED ACTIVITIES N.E.C.",Information Technology & Services,0.4394591450691223
"MANUFACTURE OF NON-CHOCOLATE CONFECTIONERY (EG SWEETS, TOFFEES, CRYSTALISED FRUITS, CHEWING GUMS)",Food & Beverages,0.38439905643463135
"WHOLESALE OF MEDICAL, PROFESSIONAL, SCIENTIFIC AND PRECISION EQUIPMENT",Business Supplies & Equipment,0.7055542469024658
WHOLESALE OF COSTUME JEWELLERY,Wholesale,0.6395851373672485
MANUFACTURE AND ASSEMBLY OF MOTORCYCLES AND SCOOTERS (INCLUDING ENGINES AND OTHER PARTS AND ACCESSORIES),Machinery,0.5011566281318665
MANUFACTURE AND REPAIR OF SEMICONDUCTOR ASSEMBLY AND TESTING EQUIPMENT (INCLUDING COMPUTER BURN-IN SYSTEM),Consumer Electronics,0.4774377942085266
MANUFACTURE AND REPAIR OF PACKAGING MACHINERY,Packaging & Containers,0.49550285935401917
"MANUFACTURE AND REPAIR OF PUMPS (EG HYDRAULIC PUMPS, DRAINAGE PUMPS)",Mechanical or Industrial Engineering,0.5143102407455444
"ACTIVITIES OF PROFESSIONAL MEMBERSHIP ORGANISATIONS (EG MEDICAL ASSOCIATIONS, LAW SOCIETIES, ACCOUNTANCY BODIES)",Civic & Social Organization,0.5667417645454407
"MOVIE, VIDEO, TELEVISION AND OTHER PROGRAMME POST-PRODUCTION ACTIVITIES (INCLUDING REMASTERING)",Motion Pictures & Film,0.6189420223236084
PUBLIC ORDER AND SAFETY ACTIVITIES N.E.C.,Civic & Social Organization,0.5061352252960205
MANICURE AND PEDICURE SERVICES,Consumer Services,0.49696993827819824
BOTANICAL AND ZOOLOGICAL GARDENS AND NATURE RESERVES ACTIVITIES,Recreational Facilities & Services,0.5253150463104248
REPAIR OF COMMUNICATIONS EQUIPMENT (E.G. MOBILE PHONES AND FAX MACHINES),Consumer Electronics,0.45706117153167725
"RESIDENTIAL CARE SERVICES FOR CHILDREN (EG CHILDREN. HOMES, ORPHANAGES)",Individual & Family Services,0.6239066123962402
"PORT, SHIPPING AND MARITIME-RELATED CONSULTANCY SERVICES",Shipbuilding,0.602634608745575
UNIVERSITIES,Higher Education,0.7081695199012756
COLOUR SEPARATION,Photography,0.2543467581272125
DENTAL SERVICES,Hospital & Health Care,0.5116164684295654
RATTAN PROCESSING,Paper & Forest Products,0.28123825788497925
WHOLESALE BANKS,Banking,0.6833804845809937
MANUFACTURE OF PHARMACEUTICAL PRODUCTS FOR VETERINARY USE,Pharmaceuticals,0.5517750978469849
FOREIGN EMBASSIES AND TRADE REPRESENTATIVE OFFICES,International Trade & Development,0.49657756090164185
MANUFACTURE OF FUEL CELLS,Semiconductors,0.39404135942459106
INTER-COUNTRY BUS SERVICES,Transportation/Trucking/Railroad,0.361848920583725
ACTIVITIES OF POLITICAL ORGANISATIONS,Civic & Social Organization,0.6666156053543091
POLICE,Security & Investigations,0.49905356764793396
"RETAIL SALE OF BOOKS, NEWSPAPERS AND STATIONERY (INCLUDING NEWSVENDORS)",Luxury Goods & Jewelry,0.5003364086151123
LAUNDRY AND DRY CLEANING SERVICES EXCEPT SELF-OPERATED LAUNDRIES,Apparel & Fashion,0.4686870276927948
RETAIL SALE OF JEWELLERY MADE FROM PRECIOUS METALS AND STONES,Luxury Goods & Jewelry,0.6620638966560364
OTHER MANUFACTURING INDUSTRIES N.E.C.,Mechanical or Industrial Engineering,0.5452487468719482
OTHER CONSTRUCTION INSTALLATION N.E.C.,Construction,0.5653069615364075
WHOLESALE OF JEWELLERY MADE FROM PRECIOUS METALS AND STONES,Luxury Goods & Jewelry,0.6510642766952515
PHARMACIES AND DRUG STORES (WESTERN),Pharmaceuticals,0.5532341599464417
REAL ESTATE AGENCIES AND VALUATION SERVICES,Commercial Real Estate,0.4893311560153961
"WHOLESALE OF FURNITURE (INCLUDING MATTRESSES, CUSHIONS)",Wholesale,0.6405810713768005
WHOLESALE OF SPORTING GOODS AND EQUIPMENT (INCLUDING BICYCLES AND HEALTHCARE EQUIPMENT),Wholesale,0.6633203029632568
"WHOLESALE OF GENERAL HARDWARE (EG LOCKS, HINGES)",Business Supplies & Equipment,0.5217773914337158
WHOLESALE OF RUBBER (INCLUDING RUBBER BROKERS),Wholesale,0.594296932220459
MANUFACTURE OF OTHER TEXTILES N.E.C. (EG UPHOLSTERY FILLING),Textiles,0.6248701810836792
PAWNBROKERAGE,Investment Banking,0.5836222767829895
"SHIPPING COMPANIES, INCLUDING CHARTERING OF SHIPS AND BOATS WITH CREW (FREIGHT)",Shipbuilding,0.5070518255233765
"SPINNING, WEAVING AND FINISHING OF TEXTILES",Textiles,0.7243478894233704
"MANUFACTURE OF SOAP, DETERGENTS, WASHING AND OTHER CLEANING PREPARATIONS",Chemicals,0.4218541085720062
WHOLESALE OF TELECOMMUNICATIONS EQUIPMENT (EXCLUDING HANDPHONES),Business Supplies & Equipment,0.5627353191375732
"PUBLISHING OF JOURNALS, PERIODICALS AND MAGAZINES",Publishing,0.7009545564651489
MANUFACTURE OF MECHANICAL WATCHES AND CLOCKS,Mechanical or Industrial Engineering,0.4231265187263489
"WIRED TELECOMMUNICATIONS NETWORK OPERATION (INCLUDING FIXED-LINE, FIBRE OPTICS, LOCAL/INTERNATIONAL PSTN AND LEASED CIRCUITS)",Telecommunications,0.5795609354972839
"MANUFACTURE OF CARDS, ENVELOPES AND STATIONERY, UNPRINTED",Printing,0.5978885889053345
"IMPORT, EXPORT AND CREDIT INSURANCE",International Trade & Development,0.5602443218231201
DEPARTMENT STORES,Retail,0.7019241452217102
REPAIR AND MAINTENANCE OF OFFICE MACHINERY AND EQUIPMENT,Business Supplies & Equipment,0.615454912185669
"MANUFACTURE OF KITCHEN AND HOUSEHOLD UTENSILS (EG STEEL SHELF, SHOWCASE COUNTERS, KITCHEN TROLLEYS DISPLAY RACKS, SINK BOWLS AND OTHER CUSTOMISED KITCHEN EQUIPMENT)",Business Supplies & Equipment,0.4685280919075012
"WHOLESALE OF LOGS, SAWN TIMBER, PLYWOOD AND RELATED PRODUCTS",Wholesale,0.5987046957015991
WHOLESALE OF FUELS AND RELATED PRODUCTS,Wholesale,0.6329878568649292
PACKAGING ACTIVITIES,Packaging & Containers,0.7452651858329773
GENERAL CONTRACTORS (BUILDING CONSTRUCTION INCLUDING MAJOR UPGRADING WORKS),Construction,0.5882798433303833
"ENGINEERING DESIGN AND CONSULTANCY SERVICES SUPPORTING MINING, OIL AND GAS EXTRACTION AND OFFSHORE EXPLORATION ACTIVITIES",Civil Engineering,0.4736049175262451
MANUFACTURE OF ELECTRO-MECHANICAL WATCHES AND CLOCKS (EG WATCHES AND CLOCKS WITH MOVING PARTS AND BATTERY),Consumer Electronics,0.4004867672920227
BOOK-KEEPING SERVICES (EXCLUDING ONLINE MARKETPLACES),Financial Services,0.46567657589912415
MANUFACTURE OF PAINTS,Chemicals,0.3860967755317688
MANUFACTURE OF INDUSTRIAL AND MECHANICAL RUBBER GOODS,Paper & Forest Products,0.45856600999832153
"MANUFACTURE OF CORDAGE, ROPE, TWINE AND NETTING",Textiles,0.5240401029586792
COMMUNICATIONS AND POWER LINE CONSTRUCTION,Utilities,0.39181482791900635
"MANUFACTURE AND REPAIR OF ELECTRIC MOTORS, GENERATORS, TRANSFORMERS AND ELECTRICITY DISTRIBUTION AND CONTROL APPARATUS N.E.C. (EG BUSBAR TRUNKING)",Electrical and Electronics,0.5471268892288208
ENVIRONMENTAL ENGINEERING DESIGN AND CONSULTANCY SERVICES (EXCEPT CLEAN ENERGY),Environmental Services,0.6703741550445557
CHILD CARE SERVICES FOR PRE-SCHOOL CHILDREN (INCLUDING INFANT CARE SERVICES),Individual & Family Services,0.5647521615028381
RENTING OF ATTIRE (EG COSTUMES),Apparel & Fashion,0.44657570123672485
WHOLESALE OF SERVICE ESTABLISHMENT EQUIPMENT AND SUPPLIES (EG BEAUTY SALON EQUIPMENT),Business Supplies & Equipment,0.676000714302063
NEWS AGENCY ACTIVITIES,Public Relations & Communications,0.5847690105438232
MANUFACTURE OF COKE OVEN PRODUCTS,Mining & Metals,0.3283733129501343
STORAGE FOR DANGEROUS GOODS,Packaging & Containers,0.4702368378639221
PRESERVATION OF WOOD,Paper & Forest Products,0.5717086791992188
PRINTING OF NEWSPAPERS,Printing,0.693938136100769
MANUFACTURE AND REPAIR OF PLASTIC PROCESSING MACHINERY,Plastics,0.5044848918914795
"WHOLESALE OF A GENERAL LINE (WIDE RANGE) OF GROCERIES (E.G. CEREALS, SUGAR, EDIBLE OILS, SAUCES AND DAIRY PRODUCTS)",Wholesale,0.6432146430015564
DUPLICATING AND PHOTO-COPYING SERVICES,Information Services,0.39045271277427673
"AGENTS FOR ARTISTES, ATHLETES, MODELS AND OTHER PERFORMERS",Marketing & Advertising,0.3993834853172302
"FORESTRY, LOGGING AND RELATED SERVICE ACTIVITIES",Paper & Forest Products,0.5386826992034912
PORT OPERATORS,Maritime,0.4197053611278534
REPRESENTATIVE OFFICES OF FOREIGN AIRLINES,Airlines/Aviation,0.5436526536941528
MANUFACTURE OF OTHER NON-METALLIC MINERAL PRODUCTS N.E.C. (EG GRAPHITE PRODUCTS),Mining & Metals,0.5491443872451782
REPRESENTATIVE OFFICES OF FOREIGN BANKS,Banking,0.5365147590637207
"TRAINING COURSES FOR WHOLESALE TRADE, LOGISTICS AND TRANSPORT",Logistics & Supply Chain,0.6224029064178467
MANAGEMENT CONSULTANCY SERVICES,Management Consulting,0.8551498651504517
FOOD KIOSKS MAINLY FOR TAKEAWAY AND DELIVERY,Food & Beverages,0.5562154650688171
IRON AND STEEL FOUNDRIES,Mining & Metals,0.681218147277832
WHOLESALE OF ICE-CREAM,Wholesale,0.6247968673706055
PERFORMING ARTS VENUE OPERATION,Performing Arts,0.5871111154556274
WHOLESALE OF ELECTRICAL AND WIRING ACCESSORIES,Business Supplies & Equipment,0.6175882816314697
PROCESSING AND PRESERVING OF MEAT AND MEAT PRODUCTS N.E.C.,Food Production,0.5166120529174805
GENERAL WAREHOUSING,Warehousing,0.888383686542511
"OTHER FINANCIAL SERVICE ACTIVITIES, EXCEPT INSURANCE AND PENSION FUNDING ACTIVITIES N.E.C.",Financial Services,0.5325626134872437
MANUFACTURE AND REPAIR OF OTHER GENERAL PURPOSE MACHINERY AND EQUIPMENT EXCEPT ELECTRICAL AND ELECTRONIC N.E.C.,Machinery,0.5084272623062134
EDUCATIONAL SUPPORT SERVICES N.E.C. (EXCLUDING ONLINE MARKETPLACES),Individual & Family Services,0.49396640062332153
"WHOLESALE OF COMPUTER ACCESSORIES (EG MEMORY CARDS, COMPUTER CABLES)",Business Supplies & Equipment,0.5872979164123535
HEAT TREATMENT FOR METALS,Mining & Metals,0.4771635830402374
"MANUFACTURE OF MACHINE TOOL ACCESSORIES (EG SMALL CUTTING TOOLS, PRECISION MEASURING TOOLS AND OTHER ATTACHMENTS SUCH AS TOOL HOLDERS)",Business Supplies & Equipment,0.5305048227310181
"TRAINING COURSES FOR MUSIC, DANCING, ART, SPEECH AND DRAMA",Performing Arts,0.5369571447372437
MANUFACTURE AND REPAIR OF LIFTING AND HANDLING EQUIPMENT N.E.C. (INCLUDING CONVEYING SYSTEMS AND INDUSTRIAL AUTOMATED SYSTEMS),Industrial Automation,0.5162025690078735
"MANUFACTURE AND REPAIR OF MACHINERY AND MACHINE-TOOLS - METAL CUTTING TYPES (EG LATHES, MILLING MACHINES, SHAPING MACHINES)",Mechanical or Industrial Engineering,0.5730917453765869
INFRASTRUCTURE ENGINEERING DESIGN AND CONSULTANCY SERVICES,Civil Engineering,0.5464192032814026
WHOLESALE OF COCONUT,Wholesale,0.6407581567764282
GROWING OF FOOD CROPS (NON-HYDROPONICS) N.E.C.,Food Production,0.6099953651428223
MANUFACTURE OF TYRES AND TUBES,Transportation/Trucking/Railroad,0.3759536147117615
WHOLESALE OF OFFICE MACHINES AND EQUIPMENT (INCLUDING ACCESSORIES),Business Supplies & Equipment,0.6977851390838623
REAL ESTATE ACTIVITIES ON A FEE OR COMMISSION BASIS N.E.C. (EXCLUDING ONLINE MARKETPLACES),Commercial Real Estate,0.5652545690536499
MANUFACTURE OF OTHER FABRICATED METAL PRODUCTS N.E.C. (INCLUDING VOICE COIL MAGNETS),Mining & Metals,0.4580622911453247
WHOLESALE OF MOTORCYCLES AND SCOOTERS,Wholesale,0.6037391424179077
MANUFACTURE OF PLASTIC PRODUCTS N.E.C. (EXCEPT PLASTIC FOOTWEAR AND TOYS),Plastics,0.6194089651107788
PEST CONTROL SERVICES NOT IN CONNECTION WITH AGRICULTURE,Environmental Services,0.4155336022377014
MANUFACTURE AND REPAIR OF MEASURING DEVICES (EG METERS),Consumer Electronics,0.45393842458724976
ACUTE HOSPITALS,Hospital & Health Care,0.7439217567443848
PUBLIC ADMINISTRATION OF ECONOMIC AND SOCIAL PROGRAMMES,Government Administration,0.6245671510696411
INSTALLATION OF THERMAL AND SOUND INSULATION (INCLUDING SOLAR CONTROL FILMS),Utilities,0.3099813163280487
FACTORING COMPANIES,Market Research,0.41579508781433105
"MANUFACTURE OF SPORTING AND ATHLETIC GOODS (INCLUDING GYM, DIVING AND UNDERWATER EQUIPMENT)",Sporting Goods,0.6082643270492554
MOTOR VEHICLE TOWING SERVICES,Package/Freight Delivery,0.502346396446228
MANUFACTURE AND REPAIR OF PROCESS CONTROL EQUIPMENT AND RELATED PRODUCTS,Industrial Automation,0.45201778411865234
MANUFACTURE AND REPAIR OF SEMICONDUCTOR FOUNDRY EQUIPMENT,Semiconductors,0.5063963532447815
JOB TRAINING AND VOCATIONAL REHABILITATION SERVICES,Professional Training & Coaching,0.49955809116363525
"MANUFACTURE OF PULP, PAPER AND PAPERBOARD",Paper & Forest Products,0.7200754880905151
REPRESENTATIVE OFFICES OF FOREIGN SHIPPING LINES,Package/Freight Delivery,0.46794748306274414
"MANUFACTURE OF OPHTHALMIC GOODS (EG SPECTACLES, CONTACT LENSES AND PARTS)",Business Supplies & Equipment,0.4493151307106018
ANIMATION PRODUCTION,Animation,0.7203240394592285
TRANSPORT-RELATED INDUSTRIAL DESIGN SERVICES,Transportation/Trucking/Railroad,0.5198788046836853
MANUFACTURE OF ASPHALT PREMIX,Mining & Metals,0.32615092396736145
"STUDENT/ALUMNI BODIES AND RELATED ASSOCIATIONS (EG PARENT-TEACHER ASSOCIATIONS, OLD BOYS' ASSOCIATIONS)",Civic & Social Organization,0.5239399671554565
TRAINING COURSES FOR MANUFACTURING,Mechanical or Industrial Engineering,0.5455114841461182
PRESSING AND ROLL-FORMING OF METAL AND POWDER METALLURGY N.E.C.,Mining & Metals,0.4891153872013092
PRIMARY SCHOOLS,Primary/Secondary Education,0.7121107578277588
"MANUFACTURE OF BRIEFS, SINGLETS AND OTHER KNITTED OR CROCHETED WEAR (EG PULLOVERS, CARDIGANS)",Apparel & Fashion,0.5954071283340454
OTHER INFORMATION TECHNOLOGY AND COMPUTER SERVICE ACTIVITIES (EG DISASTER RECOVERY SERVICES),Information Technology & Services,0.710283637046814
IRON AND STEEL ROLLING MILLS,Mining & Metals,0.5672850608825684
LANDSCAPE DESIGN AND LANDSCAPE ARCHITECTURE,Architecture & Planning,0.5875507593154907
GROWING OF ROOT CROPS,Food Production,0.48063480854034424
PUBLISHING OF DIRECTORIES AND MAILING LISTS (INCLUDING FINANCIAL DATABASES),Publishing,0.44310617446899414
MANUFACTURE OF ASBESTOS PRODUCTS EXCEPT ASBESTOS PAPER,Paper & Forest Products,0.5003842115402222
RADIO PROGRAMME PRODUCTION AND BROADCASTING,Media Production,0.636826753616333
RENTING AND LEASING OF RECREATIONAL AND SPORTS GOODS,Recreational Facilities & Services,0.5938687324523926
BRANCHES OF FOREIGN AIRLINES (PASSENGER),Airlines/Aviation,0.49533385038375854
ONLINE MARKETPLACES FOR TRAVEL SERVICES,"Leisure, Travel & Tourism",0.44492578506469727
"MANUFACTURE AND REPAIR OF OVENS, FURNACES AND FURNACE BURNERS",Mechanical or Industrial Engineering,0.37534087896347046
"MANUFACTURE OF SANITARY TOWELS, TOILET PAPER, PAPER TOWELS, DISPOSABLE DIAPERS AND RELATED PAPER PRODUCTS",Paper & Forest Products,0.5998599529266357
"BRICK LAYING, STONE SETTING AND CEMENT WORKS",Construction,0.5579546093940735
TOWN COUNCILS,Civic & Social Organization,0.5098876357078552
WHOLESALE OF GLASS,Wholesale,0.6069996356964111
MANUFACTURE OF ELECTRONIC DISPLAY DEVICES EXCEPT LIGHT EMITTING DIODES,Consumer Electronics,0.5014123916625977
"MANUFACTURE AND REPAIR OF MACHINERY FOR TEXTILE, APPAREL AND LEATHER PRODUCTION",Textiles,0.5805172920227051
"MANUFACTURE OF PVC FILES, HOLDERS AND ALBUMS",Packaging & Containers,0.3766385316848755
WHEAT MILLING,Food Production,0.49045538902282715
"WHOLESALE OF INDUSTRIAL, CONSTRUCTION AND RELATED MACHINERY AND EQUIPMENT N.E.C.",Wholesale,0.6687654256820679
"WHOLESALE OF LIQUOR, SOFT DRINKS AND BEVERAGES",Food & Beverages,0.6144669055938721
"CUTTING, SHAPING AND FINISHING OF STONE (INCLUDING TOMB-STONES AND FURNITURE OF STONE OR MARBLE)",Construction,0.4799274504184723
RETAIL SALE OF WATCHES AND CLOCKS,Luxury Goods & Jewelry,0.524966835975647
WHOLESALE OF FRUITS AND VEGETABLES (INCLUDING FRESH AND FROZEN),Wholesale,0.6069023609161377
RETAIL SALE IN OTHER NON-SPECIALISED STORES N.E.C.,Retail,0.6365822553634644
REPAIR AND MAINTENANCE OF MOTOR VEHICLES (INCLUDING INSTALLATION OF PARTS & ACCESSORIES),Automotive,0.5922874212265015
RETAIL SALE OF BEVERAGES,Food & Beverages,0.6183933019638062
MANUFACTURE OF PEWTER WARE,Building Materials,0.3957723379135132
POULTRY BREEDING/HATCHERIES,Food Production,0.4995689392089844
"LETTING AND OPERATING OF SELF-OWNED OR LEASED FOOD COURTS, COFFEE SHOPS AND CANTEENS (WITH MAINLY RENTAL INCOME)",Facilities Services,0.4800220727920532
"MANUFACTURE OF OTHER PRODUCTS OF WOOD AND ARTICLES OF CORK, STRAW AND PLAITING MATERIALS N.E.C.",Paper & Forest Products,0.6187716126441956
ELECTRICAL WORKS,Electrical and Electronics,0.726090133190155
TAILORING AND DRESSMAKING (TO INDIVIDUAL ORDER),Apparel & Fashion,0.5561386346817017
SPECIALISED MEDICAL SERVICES (INCLUDING DAY SURGICAL CENTRES),Hospital & Health Care,0.690064549446106
RENTAL AND LEASING OF CARS WITH DRIVER (EXCLUDING STREET-HAIL AND RIDE-HAIL SERVICE PROVIDERS),Automotive,0.3062114417552948
"WHOLESALE OF AGRICULTURAL MACHINERY, EQUIPMENT AND SUPPLIES",Wholesale,0.6316227912902832
TIN SMELTING,Mining & Metals,0.6597363352775574
RETAIL SALE OF CHILDREN AND INFANTS' CLOTHING (INCLUDING PRODUCTS AND ACCESSORIES FOR INFANTS),Apparel & Fashion,0.5839893817901611
"MANUFACTURE OF DISK DRIVES (INCLUDING CD-ROM DRIVES, DVD-ROM DRIVES, OPTICAL DRIVES, FLASH DRIVES, TAPE DRIVES, SOLID STATE DRIVES, STORAGE SUBSYSTEMS)",Consumer Electronics,0.5122471451759338
RESEARCH AND EXPERIMENTAL DEVELOPMENT ON NATURAL SCIENCES N.E.C.,Research,0.3923141658306122
ACTIVITIES OF HEAD AND REGIONAL HEAD OFFICES; CENTRALISED ADMINISTRATIVE OFFICES AND SUBSIDIARY MANAGEMENT OFFICES,Executive Office,0.5715385675430298
RETAIL SALE OF TYRES AND BATTERIES,Retail,0.416168212890625
RETAIL SALE OF FOOD N.E.C.,Food & Beverages,0.6225315928459167
RENTING AND LEASING OF OTHER PERSONAL AND HOUSEHOLD GOODS N.E.C. (EXCLUDING ONLINE MARKETPLACES),Business Supplies & Equipment,0.5080306529998779
WHOLESALE OF INDUSTRIAL MACHINERY AND EQUIPMENT (E.G. INDUSTRIAL CRANE),Wholesale,0.5946979522705078
MANUFACTURE OF GAS; DISTRIBUTION OF GASEOUS FUELS THROUGH MAINS,Utilities,0.37673088908195496
TRAINING COURSES N.E.C.,Professional Training & Coaching,0.6628661155700684
MANUFACTURE AND REPAIR OF ELECTRIC MOTORS,Machinery,0.41740894317626953
MANUFACTURE OF CONSUMER ELECTRONICS,Consumer Electronics,0.778346836566925
OTHER TELECOMMUNICATIONS ACTIVITIES N.E.C. (EG PROVISION OF VOIP (VOICE OVER INTERNET PROTOCOL SERVICES)),Telecommunications,0.681172788143158
"MANUFACTURE OF IMPLANTABLES AND ARTIFICIAL LIMBS (EG HEART VALVES, STENTS, ORTHOPAEDIC IMPLANTS)",Medical Devices,0.5815843343734741
"RETAIL SALE OF HANDICRAFTS AND FANCY GOODS, FLOWERS, PLANTS AND PET ANIMALS N.E.C.",Luxury Goods & Jewelry,0.611007571220398
"OTHER PROFESSIONAL, SCIENTIFIC AND TECHNICAL ACTIVITIES N.E.C.",Medical Practice,0.513475775718689
IT MANPOWER CONTRACTING SERVICES,Information Technology & Services,0.623198390007019
MANAGEMENT OF HUMAN RESOURCE FUNCTIONS,Human Resources,0.7061827182769775
"GENERATION OF ELECTRICITY BY OTHER SOURCES (EG SOLAR POWER, BIOFUELS ETC)",Renewables & Environment,0.6955914497375488
GROWING OF ORNAMENTAL PLANTS,Food Production,0.38933128118515015
ARBITRATION AND MEDIATION SERVICES (EXCLUDING ONLINE MARKETPLACES),Alternative Dispute Resolution,0.598499059677124
VENTURE CAPITAL ACTIVITIES,Venture Capital & Private Equity,0.8193262815475464
"TRAINING COURSES FOR FOOD AND BEVERAGE, RETAIL AND ACCOMMODATION, TOUR OPERATORS, TRAVEL AGENCIES & TRAVEL-RELATED RESERVATION SERVICES","Leisure, Travel & Tourism",0.6030965447425842
"MANUFACTURE AND REPAIR OF MACHINERY AND MACHINE-TOOLS - METAL FORMING TYPES (EG FORGING PRESS, COLD HEADING MACHINES, PRESS BREAKS)",Mechanical or Industrial Engineering,0.6174167990684509
MANUFACTURE OF METAL STRIPS AND SLABS (EG AWNINGS),Building Materials,0.4622853994369507
"MANUFACTURE OF MEDICAL AND DENTAL TOOLS, INSTRUMENTS AND SUPPLIES N.E.C.",Medical Devices,0.5678491592407227
STUDENT RECRUITMENT AGENCIES,Staffing & Recruiting,0.543057918548584
BEAUTY AND OTHER PERSONAL CARE SERVICES N.E.C. (EXCLUDING ONLINE MARKETPLACES),Consumer Services,0.5000272393226624
COLLECTIVE PORTFOLIO INVESTMENT FUNDS WITH RENTAL INCOME,Investment Management,0.4135332405567169
MANUFACTURE OF CIGARETTES,Paper & Forest Products,0.48126891255378723
MANUFACTURE OF ELECTRONIC CONNECTORS,Consumer Electronics,0.537256121635437
MANUFACTURE OF SOLAR CELLS,Semiconductors,0.5038886070251465
MANUFACTURE OF JOSS PAPER AND OTHER RELATED CEREMONIAL PAPER PRODUCTS (INCLUDING EFFIGIES AND OTHER FUNERAL PAPER GOODS AND CHINESE LANTERNS),Paper & Forest Products,0.5798678398132324
RETAIL SALE OF CUT FLOWERS (INCLUDING WREATHS),Luxury Goods & Jewelry,0.3796575665473938
SUPERMARKETS AND HYPERMARKETS,Consumer Goods,0.6137394309043884
MANUFACTURE OF WOODEN CONTAINERS,Packaging & Containers,0.5447322130203247
BUSINESS REPRESENTATIVE OFFICES,Executive Office,0.5423346757888794
"FUNERAL AND RELATED ACTIVITIES (INCLUDING EMBALMING, CREMATING AND CEMETERY SERVICES, UPKEEP OF CEMETERIES)",Recreational Facilities & Services,0.49468058347702026
COLLECTION OF WASTE,Warehousing,0.543709933757782
PUBLISHING OF NEWS,Publishing,0.6855143308639526
"WHOLESALE OF FOOD, BEVERAGES AND TOBACCO N.E.C. (INCLUDING DRIED OR CANNED)",Wholesale,0.617159366607666
FAST FOOD OUTLETS,Restaurants,0.7106591463088989
WHOLESALE OF OPTICAL EQUIPMENT AND SUPPLIES (EXCLUDING BINOCULARS),Business Supplies & Equipment,0.6036038398742676
MANUFACTURE AND REPAIR OF MACHINERY FOR FOOD PRODUCTS PROCESSING,Food Production,0.4995690584182739
WHOLESALE OF AIRCRAFT EQUIPMENT AND SUPPLIES (INCLUDING AERONAUTICAL EQUIPMENT),Business Supplies & Equipment,0.6639391183853149
"SERVICE ACTIVITIES INCIDENTAL TO OIL AND GAS EXTRACTION (EXCL. SURVEYING AND ENGINEERING DESIGN AND CONSULTANCY SERVICES SUPPORTING MINING, OIL AND GAS EXTRACTION AND OFFSHORE EXPLORATION ACTIVITIES)",Environmental Services,0.5075193047523499
RESEARCH AND EXPERIMENTAL DEVELOPMENT ON MEDICAL SCIENCE,Research,0.40429919958114624
"DRAMATIC ARTS, MUSIC AND OTHER ARTS PRODUCTION-RELATED ACTIVITIES N.E.C. (EG STAGE, LIGHTING AND SOUND SERVICES)",Performing Arts,0.6834816932678223
CREDIT CARD SERVICES,Financial Services,0.6569607257843018
MOVING SERVICES,Facilities Services,0.41801291704177856
CARBON CONSULTANCY SERVICES,Environmental Services,0.5555527806282043
MANUFACTURE OF SEMICONDUCTOR DEVICES N.E.C.,Semiconductors,0.7149175405502319
"PHILANTHROPIC TRUSTS, FOUNDATIONS AND RELATED ACTIVITIES",Non-Profit Organization Management,0.5086345076560974
RESEARCH AND EXPERIMENTAL DEVELOPMENT ON CHEMICALS (EXCLUDING MEDICAL SCIENCE),Chemicals,0.5011723637580872
AMBULANCE AND MEDICAL EVACUATION SERVICES,Hospital & Health Care,0.5842587947845459
SUPPLY OF AIR OR WATER FOR COOLING OR HEATING PURPOSES,Utilities,0.4198215901851654
MANUFACTURE AND REPAIR OF POLYMER ADDITIVE MANUFACTURING (AM) EQUIPMENT,Printing,0.36601245403289795
GROWING OF LEAFY AND FRUIT VEGETABLES (HYDROPONICS),Food Production,0.4587686061859131
"WHOLESALE OF FURNISHINGS (INCLUDING CURTAINS, CARPETS, WALLPAPER)",Wholesale,0.6383962035179138
RETAIL SALE OF MOTOR VEHICLES EXCEPT MOTORCYCLES AND SCOOTERS,Consumer Goods,0.3940676748752594
PRODUCTION OF LIVE STAGE PRESENTATIONS,Media Production,0.5522750616073608
MANUFACTURE AND REPAIR OF ELECTRIC GENERATORS,Electrical and Electronics,0.4502111077308655
GROWING OF NURSERY PRODUCTS N.E.C.,Food Production,0.5307186841964722
PETROLEUM REFINERIES,Oil & Energy,0.71205735206604
SECURITIES AND COMMODITIES EXCHANGE,Capital Markets,0.5882930159568787
"MANUFACTURE OF FOOD CHEMICALS AND ADDITIVES (EG FLAVOURS, PRESERVATIVES AND COLOURINGS)",Food Production,0.5274987816810608
"FRIENDSHIP, MATCH-MAKING AND DATING SERVICES",Consumer Services,0.3542884886264801
GENERATION OF ELECTRICITY BY FOSSIL FUELS,Renewables & Environment,0.536113977432251
"REPRODUCTION OF RECORDED MEDIA (INCLUDING REPRODUCTION OF PHONOGRAPH RECORDS, RECORDED MAGNETIC TAPES, COMPACT DISCS AND NON-CUSTOMISED SOFTWARE)",Media Production,0.5468938946723938
"MANUFACTURE AND REPAIR OF TAPS, COCKS AND VALVES",Mechanical or Industrial Engineering,0.42355677485466003
ORGANISATIONS FOR THE PROTECTION OF THE ENVIRONMENT AND ANIMALS,Environmental Services,0.5766936540603638
ONLINE MARKETPLACES FOR SERVICES N.E.C.,Consumer Services,0.5703800916671753
MANUFACTURE OF HOUSEHOLD AND KITCHEN WOODEN WARE EXCEPT WOODEN FOOTWEAR,Paper & Forest Products,0.5240370035171509
MANUFACTURE AND REPAIR OF MACHINERY FOR TOBACCO PROCESSING,Machinery,0.5398701429367065
MANUFACTURE OF MATTRESSES INCLUDING THOSE OF FOAM RUBBER,Paper & Forest Products,0.40528857707977295
COMMUNITY HOSPITALS,Hospital & Health Care,0.7415079474449158
PUBLISHING OF SOFTWARE/APPLICATIONS (NON-GAMES),Publishing,0.5450030565261841
MANUFACTURE OF SOYA BEAN PRODUCTS EXCEPT SOYA BEAN SAUCE AND SOYA BEAN MILK,Food Production,0.4094465970993042
TRANSACTION/PAYMENT PROCESSING SERVICES,Financial Services,0.5127174854278564
MANUFACTURE OF PLASTIC PRECISION ENGINEERING PARTS,Plastics,0.44100186228752136
FINANCIAL LEASING COMPANIES,Financial Services,0.6346214413642883
COMMERCIAL SCHOOLS OFFERING HIGHER EDUCATION PROGRAMMES,Higher Education,0.5760147571563721
MANUFACTURE OF WIRE AND CABLE ASSEMBLIES AND HARNESSES,Automotive,0.41700229048728943
MANUFACTURE AND PROCESSING OF SPICES (INCLUDING CURRY POWDER AND SPICE EXTRACTS),Food Production,0.4037582576274872
RENTING OF AIR TRANSPORT EQUIPMENT WITHOUT OPERATOR (EG AIRPLANES WITHOUT OPERATOR),Business Supplies & Equipment,0.43226391077041626
ELECTROPLATING AND PLATING OF METALS AND FORMED PRODUCTS,Electrical and Electronics,0.43845582008361816
STONE QUARRYING,Mining & Metals,0.6042152643203735
INSTALLATION OF FIRE PROTECTION AND SECURITY ALARM SYSTEMS,Computer & Network Security,0.4795224070549011
MANUFACTURE OF GAMES AND TOYS,Computer Games,0.5354162454605103
MANUFACTURE OF WIRELESS COMMUNICATIONS EQUIPMENT (EG CELLULAR PHONES),Telecommunications,0.5514224171638489
PRIVATE EQUITY FIRMS,Venture Capital & Private Equity,0.7188032865524292
GROWING OF CROPS COMBINED WITH ANIMAL PRODUCTION (MIXED FARMING),Food Production,0.6256870627403259
HEDGE FUND MANAGEMENT,Investment Management,0.778343141078949
"ASSOCIATIONS FOR HOBBIES, RECREATIONAL, CULTURAL AND EXTRA-CURRICULAR ACTIVITIES (EG SCOUTS/GIRL GUIDES ASSOCIATION, BOOK CLUBS AND PHOTO, MUSIC, ART AND CRAFT CLUBS)",Civic & Social Organization,0.551764965057373
CATTLE FARMS (INCLUDING DAIRY CATTLE),Food Production,0.4547209143638611
BIRD BREEDING,Fishery,0.423103928565979
SOUND RECORDING PRODUCTION,Media Production,0.596063494682312
RAILROAD SERVICES,Transportation/Trucking/Railroad,0.7617539167404175
CASINOS,Gambling & Casinos,0.8566388487815857
ARMED FORCES,Defense & Space,0.5509644150733948
WHOLESALE OF SPORTING AND OTHER RECREATIONAL GOODS N.E.C.,Wholesale,0.6668286323547363
"WHOLESALE OF SCRAP, JUNK AND WASTE DEALERS",Wholesale,0.6205133199691772
RETAIL SALE OF MOTORCYCLES AND SCOOTERS,Retail,0.427704393863678
"MANUFACTURE OF OTHER TINPLATE AND ZINC ARTICLES (EG PAILS, BUCKETS, DUSTBINS)",Mining & Metals,0.47899293899536133
"RETAIL SALE OF CROCKERY, CUTLERY AND KITCHEN UTENSILS",Luxury Goods & Jewelry,0.5321009755134583
RETAIL SALE OF HANDPHONES AND PERIPHERAL EQUIPMENT,Business Supplies & Equipment,0.5719114542007446
MANUFACTURE OF FURNITURE AND FIXTURES PRIMARILY OF METAL,Furniture,0.529792308807373
"WHOLESALE OF COFFEE, COCOA AND TEA",Wholesale,0.5692709684371948
MANUFACTURE OF GLASS AND GLASS PRODUCTS (INCLUDING YARN OF GLASS FIBRES),Textiles,0.48280203342437744
INTERNATIONAL CRUISE SERVICES,"Leisure, Travel & Tourism",0.5082650780677795
PAINTING AND DECORATING,Arts & Crafts,0.712438702583313
"MANUFACTURE OF ARTICLES OF CONCRETE, CEMENT AND PLASTER N.E.C. (EXCEPT PRECAST CONCRETE COMPONENTS)",Building Materials,0.5344731211662292
RUSTPROOFING OF METALS AND FORMED PRODUCTS,Mining & Metals,0.38565778732299805
"LETTING OF SELF-OWNED OR LEASED REAL ESTATE PROPERTY EXCEPT FOOD COURTS, COFFEE SHOPS AND CANTEENS (E.G. OFFICE/EXHIBITION SPACE, SHOPPING MALL, SELF-STORAGE FACILITIES)",Commercial Real Estate,0.41812485456466675
"MANUFACTURE AND REPAIR OF ELECTRIC LAMPS AND LIGHTING EQUIPMENT (INCLUDING SILVER REFLECTORS, FITTINGS AND PARTS)",Electrical and Electronics,0.4685312509536743
WHOLESALE OF MARINE EQUIPMENT AND ACCESSORIES (INCLUDING MARINE NAVIGATIONAL EQUIPMENT AND RADAR),Business Supplies & Equipment,0.5962148904800415
MANUFACTURE AND REPAIR OF TRANSFORMERS,Electrical and Electronics,0.4424346685409546
"RETAIL SALE OF HANDICRAFTS, COLLECTIBLES AND GIFTS",Luxury Goods & Jewelry,0.6757681369781494
CLINICS AND OTHER GENERAL MEDICAL SERVICES (WESTERN),Hospital & Health Care,0.6753906607627869
WHOLESALE OF PEPPER AND OTHER SPICES,Wholesale,0.5431408882141113
MANUFACTURE AND REPAIR OF STEAM GENERATORS N.E.C. (EXCEPT CENTRAL HEATING HOT WATER BOILERS),Electrical and Electronics,0.3941933512687683
BROILER FARMS (CHICKENS REARED FOR MEAT),Food Production,0.48659539222717285
"MANUFACTURE OF GENERAL HARDWARE (INCLUDING BLACKSMITH SHOPS) N.E.C. (EG LOCKS AND KEYS, HINGES, CLAMPS, HOOKS)",Business Supplies & Equipment,0.49501898884773254
"RETAIL SALE OF HARDWARE, PAINT AND GLASS N.E.C. (EG WOOD, GLASS, SANITARY WARE, DO-IT-YOURSELF MATERIALS)",Business Supplies & Equipment,0.5576384663581848
FREIGHT TRANSPORT ARRANGEMENT,Package/Freight Delivery,0.7729060649871826
LAND RECLAMATION WORKS,Environmental Services,0.45917052030563354
"BUILDING AND REPAIR OF PLEASURE CRAFTS, LIGHTERS AND BOATS",Shipbuilding,0.5691343545913696
THRIFT AND LOAN SOCIETIES AND CREDIT ASSOCIATIONS,Financial Services,0.545830249786377
MANUFACTURE OF METAL CAPS (EG CROWN CORKS),Mining & Metals,0.3385060429573059
"MANUFACTURE AND REPAIR OF OTHER OILFIELD AND GASFIELD MACHINERY AND EQUIPMENT (EG DERRICKS, TOOL JOINTS)",Mechanical or Industrial Engineering,0.5393277406692505
RETAIL SALE OF COSTUME JEWELLERY,Luxury Goods & Jewelry,0.6185464262962341
SLAUGHTERING OF LIVESTOCK AND POULTRY,Food Production,0.5001386404037476
DETECTIVE AND INVESTIGATION ACTIVITIES,Security & Investigations,0.6951009035110474
CAR WASHING AND RELATED SERVICES,Consumer Services,0.4471173882484436
MANAGEMENT CONSULTANCY SERVICES FOR HOTELS,Management Consulting,0.6979984045028687
TRAINING OF PETS AND ANIMALS,Veterinary,0.4490254521369934
WATER AND GAS PIPE-LINE AND SEWER CONSTRUCTION,Construction,0.44407567381858826
"MANUFACTURE OF BLANK MAGNETIC TAPES, DISKETTES, BLU-RAY TECHNOLOGY DISCS, CDS, DVDS AND VCDS",Consumer Electronics,0.4381285607814789
"SPECIALISED STORAGE N.E.C. (E.G. WINE WAREHOUSING, DOCUMENT STORAGE AND WAREHOUSING)",Warehousing,0.6454101204872131
"MANUFACTURE OF MEDICAL DISPOSABLES AND SURGICAL SUPPLIES (EG TEST KITS, SYRINGES, TUBES, FLUID ADMINISTRATION SETS)",Business Supplies & Equipment,0.5951144695281982
CHARITABLE AND OTHER SUPPORTING ACTIVITIES AIMED AT HUMANITARIAN WORK,Civic & Social Organization,0.4802824854850769
MANUFACTURE AND REPAIR OF WATER/WASTE WATER TREATMENT EQUIPMENT,Business Supplies & Equipment,0.3814161717891693
LIBRARIES AND ARCHIVES ACTIVITIES,Information Services,0.3850422501564026
EXHIBITION STAND DESIGN SERVICES,Architecture & Planning,0.48669910430908203
MANUFACTURE OF BIOLOGICAL PRODUCTS AND PREPARATIONS FOR VETERINARY USE,Veterinary,0.4615902900695801
WHOLESALE OF PHOTOGRAPHIC EQUIPMENT AND SUPPLIES (INCLUDING BINOCULARS),Business Supplies & Equipment,0.6179516911506653
PRINTING N.E.C.,Printing,0.7457278370857239
CHARTERED BUS SERVICES (INCLUDING SCHOOL BUSES),Transportation/Trucking/Railroad,0.40324050188064575
"PRODUCTION OF ADVERTISEMENTS, CORPORATE VIDEOS AND EVENT VIDEOS",Media Production,0.6281907558441162
WHOLESALE OF AQUARIUM FISHES (INCLUDING FOOD AND ACCESSORIES),Wholesale,0.5878912210464478
MANUFACTURE OF BEARINGS (INCLUDING DISC AND BALL BEARINGS),Shipbuilding,0.40267854928970337
MANUFACTURE OF HAND AND EDGE TOOLS,Mechanical or Industrial Engineering,0.4171943664550781
MANUFACTURE OF TEA (INCLUDING PROCESSING OF TEA LEAVES),Paper & Forest Products,0.4000377058982849
"RISK AND DAMAGE EVALUATION (EG LOSS ADJUSTING, CLAIMS ADJUSTING)",Insurance,0.4294540286064148
LAND SURVEYING SERVICES,Environmental Services,0.4675843417644501
"MANUFACTURE OF TABLE, KITCHEN AND OTHER CUTLERY",Business Supplies & Equipment,0.44410887360572815
FOREIGN AFFAIRS,Government Administration,0.5995758771896362
MANUFACTURE OF PARTS AND ACCESSORIES FOR WATCHES AND CLOCKS,Luxury Goods & Jewelry,0.4553753733634949
RETAIL SALE OF PAINTS,Retail,0.4438784122467041
"HOSTELS AND DORMITORIES FOR STUDENTS, WORKERS AND OTHER INDIVIDUALS",Facilities Services,0.4671586751937866
MANUFACTURE OF BISCUITS (INCLUDING WAFERS AND CONES),Food & Beverages,0.3669087290763855
OTHER ACTIVITIES AUXILIARY TO INSURANCE AND PENSION FUNDING N.E.C. (EG ACTIVITIES OF ACTUARIES),Financial Services,0.4996635317802429
"MANUFACTURE OF CHIPS, CRACKERS AND OTHER TITBITS (EXCLUDING BISCUITS AND CONFECTIONERY)",Food & Beverages,0.43638187646865845
GOLD BULLION BROKERS AND DEALERS,Luxury Goods & Jewelry,0.40199118852615356
RETAIL SALE OF MUSICAL INSTRUMENTS AND SCORES,Business Supplies & Equipment,0.43948233127593994
MANUFACTURE OF FERROUS METAL ALLOYS,Mining & Metals,0.4430241882801056
FOREIGN EXCHANGE BROKERS AND DEALERS,Capital Markets,0.41621240973472595
WHOLESALE OF HANDICRAFTS AND FANCY GOODS N.E.C.,Wholesale,0.6831340193748474
MANUFACTURE OF PRINTED CIRCUIT BOARDS WITH ELECTRONIC PARTS,Printing,0.4743892252445221
MANUFACTURE OF OTHER ELECTRONIC AND ELECTRIC WIRES AND CABLES N.E.C.,Electrical and Electronics,0.6352788805961609
RETAIL SALE OF LIQUEFIED PETROLEUM GAS (LPG),Consumer Goods,0.4191751480102539
RESEARCH AND EXPERIMENTAL DEVELOPMENT ON ELECTRONICS (EXCLUDING MEDICAL SCIENCE),Electrical and Electronics,0.6147578954696655
"WHOLESALE OF SEWING AND CLOTHING ACCESSORIES (EG BUTTON, THREAD, LACE, ZIP, BELT, TIE)",Wholesale,0.6540642976760864
"MANUFACTURE OF DOMESTIC APPLIANCES N.E.C. (EG NON-ELECTRIC COOKING RANGES, GRATES, STOVES)",Consumer Electronics,0.4978816509246826
"COMMERCIAL PRINTING (EG PRINTING OF BROCHURES, CARDS, ENVELOPES, LABELS AND STATIONERY)",Printing,0.573334813117981
"MANUFACTURE OF BOLTS, NUTS, RIVETS, FASTENERS AND SCREW MACHINE PRODUCTS",Business Supplies & Equipment,0.44291195273399353
MANUFACTURE OF ADDITIVES FOR MINERAL OIL (EG LUBRICANT AND FUEL ADDITIVES),Oil & Energy,0.45405715703964233
MANUFACTURE OF CARPETS AND RUGS,Textiles,0.4941621422767639
DOMESTIC WORKER EMPLOYMENT PLACEMENT AGENCIES (EXCLUDING ONLINE MARKETPLACES),Individual & Family Services,0.3526739776134491
"PUBLIC RELATIONS, MARKETING AND BRAND CONSULTANCY SERVICES",Public Relations & Communications,0.7484610676765442
MANUFACTURE OF COFFEE POWDER,Chemicals,0.2956705689430237
"BRIDGE, TUNNEL, VIADUCT AND EXPRESSWAY CONSTRUCTION",Construction,0.5938246846199036
"MOVIE, VIDEO, TELEVISION AND OTHER PROGRAMME PRODUCTION ACTIVITIES N.E.C.",Media Production,0.6272466778755188
SUPPORTING SERVICES TO AIR TRANSPORT N.E.C.,Airlines/Aviation,0.6670727729797363
EXHIBITION STAND CONTRACTORS,Architecture & Planning,0.4656068980693817
MANUFACTURE OF COSMETICS AND TOILETRIES,Luxury Goods & Jewelry,0.5855432748794556
"MANUFACTURE OF UNINSULATED WIRE (EG ELECTRONIC COMPONENT WIRE, BONDING WIRE)",Electrical and Electronics,0.3518425524234772
OPERATING OF SERVICED APARTMENTS,Facilities Services,0.5447483658790588
AIRPORT OPERATION SERVICES,Airlines/Aviation,0.6023958921432495
RETAIL SALE OF SECOND-HAND GOODS IN STORES,Retail,0.5208247303962708
OTHER ACTIVITIES AUXILIARY TO FINANCIAL SERVICE ACTIVITIES N.E.C. (EG MORTGAGE ADVISORY FIRMS),Financial Services,0.5950759649276733
BUDDHIST/TAOIST TEMPLES,Religious Institutions,0.4103237986564636
PUBLISHING OF GAMES SOFTWARE/APPLICATIONS,Publishing,0.5306582450866699
ONLINE MARKETPLACES FOR GOODS (INCLUDING FOOD),Food & Beverages,0.43251150846481323
MANUFACTURE OF WINES,Wine & Spirits,0.5896022319793701
VEHICLE INSPECTION AND VALUATION SERVICES,Consumer Services,0.43917325139045715
ACTIVITIES AUXILIARY TO FUND MANAGEMENT ACTIVITIES (EG INDEPENDENT FUND ADMINISTRATION FIRMS),Financial Services,0.5411535501480103
RETAIL SALE OF LIGHTING AND LIGHTING ACCESSORIES,Retail,0.5256783962249756
RETAIL SALE OF GAMES AND TOYS,Retail,0.556023359298706
BROKERAGE AND CONSULTANCY SERVICES OF INTELLECTUAL PROPERTY ASSETS,Legal Services,0.4533112645149231
MANUFACTURE OF PRIMARY BATTERIES,Semiconductors,0.30526620149612427
MANUFACTURE OF MAN-MADE FIBRES EXCEPT GLASS,Building Materials,0.49378496408462524
ONLINE MARKETPLACES FOR HEALTH SERVICES,Consumer Services,0.44871968030929565
MANUFACTURE AND REPAIR OF ROBOTS N.E.C.,Industrial Automation,0.4540017247200012
"TRUSTS, FUNDS AND SIMILAR FINANCIAL ENTITIES (EG COLLECTIVE PORTFOLIO INVESTMENT FUNDS (EXCLUDING THOSE WITH RENTAL INCOME))",Financial Services,0.4408774971961975
CARPARK MANAGEMENT AND OPERATION SERVICES,Facilities Services,0.47965317964553833
RETAIL SALE OF PHARMACEUTICAL AND MEDICAL GOODS N.E.C.,Retail,0.5551190376281738
"MANUFACTURE OF LAMINBOARD, PARTICLE BOARD AND OTHER PANELS AND BOARDS N.E.C.",Paper & Forest Products,0.41125625371932983
"RETAIL SALE OF AUTOMOTIVE FUEL (EG PETROL KIOSKS, CNG REFILLING STATIONS)",Logistics & Supply Chain,0.4593626856803894
MANUFACTURE AND REPAIR OF OIL RIGS,Shipbuilding,0.490695059299469
TELECOMMUNICATIONS RESELLERS/THIRD PARTY TELECOMMUNICATIONS PROVIDERS (INCLUDING VALUE-ADDED NETWORK OPERATORS),Telecommunications,0.6089580655097961
"OPERATION OF SPORTS FACILITIES N.E.C. (EG BOWLING ALLEYS, TENNIS CENTRES, BILLIARD HALLS, FOOTBALL STADIUM)",Facilities Services,0.587984561920166
COMPUTER FACILITIES MANAGEMENT ACTIVITIES,Facilities Services,0.5557825565338135
RENTING OF COMPUTERS AND PERIPHERAL EQUIPMENT,Business Supplies & Equipment,0.5703492760658264
GROWING OF MUSHROOMS,Food Production,0.4558831453323364
AMUSEMENT THEME PARKS,Recreational Facilities & Services,0.6172007918357849
MANUFACTURE OF CORRUGATED PAPER AND PAPERBOARD,Paper & Forest Products,0.6313307881355286
MANUFACTURE AND REPAIR OF INDUSTRIAL ROBOTS (INCLUDING AUTOMATED GUIDED VEHICLES (AGVS)),Industrial Automation,0.5341260433197021
MANUFACTURE OF BONDING TOOLS,Construction,0.3607954978942871
RETREADING AND VULCANISING OF TYRES,Textiles,0.21838322281837463
MANUFACTURE OF MILITARY FIGHTING VEHICLES,Defense & Space,0.4469612240791321
MANUFACTURE AND REPAIR OF SERVICE ROBOTS,Industrial Automation,0.4826801121234894
"MANUFACTURE OF PIEZO-ELECTRIC DEVICES (E.G. QUARTZ CRYSTALS, QUARTZ CRYSTAL FILTERS, DELAY LINES)",Semiconductors,0.4001576900482178
GOAT FARMS (INCLUDING GOAT'S MILK PRODUCTION),Food Production,0.4630431532859802
"MANUFACTURE OF PAPER CUPS, PLATES AND UTENSILS",Paper & Forest Products,0.5195664763450623
HINDU/SIKH TEMPLES,Religious Institutions,0.5201771855354309
OTHER HOSPITALS N.E.C. (EG PSYCHIATRIC HOSPITAL),Hospital & Health Care,0.6320950984954834
TIMESHARING SERVICE ACTIVITIES,Facilities Services,0.45957517623901367
HOTELS,Restaurants,0.6273601651191711
CHINESE MEDICINE SHOPS,Alternative Medicine,0.5090998411178589
RESTAURANTS,Restaurants,1.0
"RETAIL SALE OF FURNITURE (INCLUDING MATTRESSES, CUSHIONS)",Wholesale,0.4781036972999573
WHOLESALE OF MEDICINE AND HERBS (OTHER THAN WESTERN),Wholesale,0.5002238750457764
"RETAIL SALE OF MUSIC AND VIDEO RECORDINGS (E.G. DVDS, BLU-RAY DISCS)",Retail,0.46967270970344543
REPAIR OF OTHER PERSONAL AND HOUSEHOLD GOODS N.E.C. (EXCLUDING ONLINE MARKETPLACES),Business Supplies & Equipment,0.5190265774726868
"MANUFACTURE OF STRUCTURAL METAL PRODUCTS N.E.C. (EG METAL SECTIONS, CORRUGATED SHEETS)",Mining & Metals,0.4846090078353882
TANNING AND DRESSING OF LEATHER; DRESSING AND DYEING OF FUR,Textiles,0.445465087890625
"MANUFACTURE OF CURTAINS, PILLOW CASES, BED SHEETS AND BED SPREADS",Textiles,0.524513840675354
WHOLESALE OF PACKAGING MATERIALS,Wholesale,0.6427416801452637
"SOCIAL SERVICES WITHOUT ACCOMMODATION FOR CHILDREN, YOUTH AND FAMILIES N.E.C.",Individual & Family Services,0.4828062355518341
REAL ESTATE DEVELOPERS,Commercial Real Estate,0.697161853313446
QUANTITY SURVEYING SERVICES,Facilities Services,0.4825272262096405
"REPAIR OF AUDIO AND VIDEO EQUIPMENT (E.G. TELEVISION SETS, SPEAKERS AND DVD PLAYERS)",Consumer Electronics,0.45832639932632446
WHOLESALE OF COMPUTER GAMES (INCLUDING ELECTRONIC GAMES AND VIDEO GAME CONSOLES),Wholesale,0.5249612927436829
WHOLESALE OF TOBACCO PRODUCTS,Wholesale,0.6081666946411133
GENERAL BUILDING ENGINEERING DESIGN AND CONSULTANCY SERVICES,Architecture & Planning,0.5739713311195374
MANUFACTURE OF FIBREGLASS AND FIBREGLASS PRODUCTS,Paper & Forest Products,0.42800283432006836
MANUFACTURE OF FURNITURE N.E.C.,Furniture,0.5157297253608704
SHIP MANAGEMENT SERVICES,Shipbuilding,0.5710502862930298
FOOD CATERERS,Restaurants,0.6239697933197021
"MANUFACTURE OF FURNITURE OF OTHER MATERIALS EXCEPT PRIMARILY OF STONE, CERAMIC OR CONCRETE",Building Materials,0.5995756387710571
RETAIL SALE OF SPECTACLES AND OTHER OPTICAL GOODS,Luxury Goods & Jewelry,0.5241154432296753
"REPAIR OF DOMESTIC ELECTRICAL/ELECTRONIC APPLIANCES EXCEPT AUDIO AND VIDEO EQUIPMENT (EG REFRIGERATORS, WASHING MACHINES AND ROOM AIR-CONDITIONERS)",Consumer Electronics,0.47019898891448975
"MANUFACTURE AND REPAIR OF ENGINES AND TURBINES EXCEPT AIRCRAFT, VEHICLE, CYCLE AND MARINE ENGINES",Mechanical or Industrial Engineering,0.499297559261322
REPAIR OF BICYCLES AND TRICYCLES,Machinery,0.3325234651565552
"FOUNDATION WORKS (INCLUDING MICROPILING, CONVENTIONAL PILING AND UNDERPINNING)",Building Materials,0.44091087579727173
"MANUFACTURE AND REPAIR OF SWITCHGEAR AND SWITCHBOARD APPARATUS (INCLUDING SWITCHES, CIRCUIT BREAKERS AND ELECTRICAL CONTROL PANELS)",Electrical and Electronics,0.46696731448173523
EMPLOYMENT AGENCIES (EXCLUDING DOMESTIC WORKER EMPLOYMENT PLACEMENT AGENCIES AND ONLINE MARKETPLACES),Individual & Family Services,0.37516433000564575
MANUFACTURE AND REPAIR OF METAL-FORMING MACHINERY AND MACHINE TOOLS N.E.C. (INCLUDING METALWORKING MACHINERY),Machinery,0.5321671962738037
OTHER HOLDING COMPANIES,Capital Markets,0.4546012878417969
MANAGEMENT CONSULTANCY SERVICES N.E.C.,Management Consulting,0.7244641780853271
RENTING OF OFFICE MACHINERY AND EQUIPMENT,Business Supplies & Equipment,0.6442185044288635
"CLEANING OF SWIMMING POOLS, SPAS AND FOUNTAINS",Environmental Services,0.4276459813117981
"TELEVISION PROGRAMMING AND BROADCASTING (INCLUDING CABLE, SATELLITE, TERRESTRIAL TELEVISION, INTERNET AND MOBILE)",Broadcast Media,0.6617555618286133
"MANUFACTURE OF ULTRAPURE ELECTRONIC CHEMICALS, MATERIALS AND LAMINATES",Semiconductors,0.5312619209289551
"OTHER SURVEYING SERVICES N.E.C. (EG GEOPHYSICAL, GEOLOGIC, SEISMIC, HYDROGRAPHIC SURVEYING SERVICES)",Environmental Services,0.4925900399684906
DIALYSIS SERVICES,Hospital & Health Care,0.5234732031822205
BRANCHES OF FOREIGN AIRLINES (FREIGHT),Airlines/Aviation,0.4795994162559509
RETAIL SALE OF PERSONAL EFFECTS N.E.C.,Luxury Goods & Jewelry,0.5299283862113953
MOVIE PROJECTION ACTIVITIES (INCLUDING CINEMAS),Motion Pictures & Film,0.4982313811779022
"PREPARING, CANNING AND PRESERVING OF LIVESTOCK AND LIVESTOCK PRODUCTS (INCLUDING LARD AND OTHER EDIBLE ANIMAL FATS)",Food Production,0.5397324562072754
MANAGEMENT CONSULTANCY SERVICES FOR HEALTHCARE ORGANISATIONS,Management Consulting,0.7365967035293579
"DISTRIBUTION OF TELEVISION PROGRAMMES (E.G. DRAMAS, VARIETY SHOWS AND DOCUMENTARIES)",Broadcast Media,0.5559004545211792
TRANSLATION SERVICES,Translation & Localization,0.6057838797569275
TEACHERS' TRAINING INSTITUTE,Professional Training & Coaching,0.5288658142089844
CLASSIFICATION SOCIETIES,Civic & Social Organization,0.55823814868927
OTHER ANIMAL PRODUCTION N.E.C.,Food Production,0.6201024055480957
MANUFACTURE OF BIOFUELS,Food Production,0.48349982500076294
ACTIVITIES OF TRADE UNIONS,Civic & Social Organization,0.4589163064956665
"MANUFACTURE OF PESTICIDES AND OTHER AGRO-CHEMICAL PRODUCTS (INCLUDING INSECTICIDES, HERBICIDES AND DISINFECTANTS)",Food Production,0.47575607895851135
MANUFACTURE OF INEDIBLE VEGETABLE AND ANIMAL OILS AND FATS,Food Production,0.4680328667163849
"MANUFACTURE OF TOBACCO PRODUCTS N.E.C. (E.G. CIGARS, LOOSE TOBACCO)",Paper & Forest Products,0.45989346504211426
"MANUFACTURE OF MACARONI, NOODLES, VERMICELLI AND OTHER RELATED PRODUCTS",Food & Beverages,0.4794948995113373
WHOLESALE OF PAINTS (INCLUDING VARNISHES AND SUPPLIES),Wholesale,0.5525945425033569
"MANUFACTURE OF OTHER ARTICLES OF PAPER AND PAPERBOARD N.E.C. (EG PAPIER MACHE, WALLPAPER)",Paper & Forest Products,0.610791802406311
RETAIL SALE OF CLOTHING FOR ADULTS,Apparel & Fashion,0.6172506213188171
"RENTING AND LEASING OF FURNITURE, UTENSILS AND ELECTRONIC EQUIPMENT FOR HOUSEHOLD USE",Business Supplies & Equipment,0.553685188293457
WHOLESALE OF LIGHTING AND LIGHTING ACCESSORIES,Wholesale,0.6504577994346619
ENGINEERING DESIGN AND CONSULTANCY ACTIVITIES N.E.C.,Management Consulting,0.5079951286315918
REPAIR OF FOOTWEAR AND LEATHER GOODS,Textiles,0.41440871357917786
MANUFACTURE OF PLASTIC CABLE TIES,Plastics,0.4181710183620453
RETAIL SALE OF TOBACCO PRODUCTS,Paper & Forest Products,0.4533815383911133
OTHER CANNING AND PRESERVING OF FRUITS AND FRUIT JUICES,Food Production,0.43381333351135254
WHOLESALE OF MOTOR VEHICLES EXCEPT MOTORCYCLES AND SCOOTERS,Wholesale,0.5656517744064331
WHOLESALE OF HANDICRAFTS AND GIFTS,Wholesale,0.6756488084793091
"NIGHT CLUBS, DISCOTHEQUES, DANCE CLUBS AND KARAOKE LOUNGES",Restaurants,0.47800737619400024
SAWMILLING AND PLANING OF WOOD N.E.C.,Paper & Forest Products,0.51117342710495
MARINE SURVEYING SERVICES OTHER THAN CLASSIFICATION SOCIETIES,Environmental Services,0.4644271731376648
"MANUFACTURE OF TELECOMMUNICATIONS APPARATUS (EG PBX EQUIPMENT, TELEPHONES EXCEPT CELLULAR)",Telecommunications,0.6397475004196167
"MANUFACTURE OF ELECTRICAL HOUSEHOLD APPLIANCES (EG REFRIGERATORS, HOT PLATES, TOASTERS, FOOD MIXERS, COOKERS, HAIR DRYERS, FANS, SHAVERS)",Consumer Electronics,0.5825275182723999
CONTAINER DEPOT SERVICES,Logistics & Supply Chain,0.5704315304756165
MANUFACTURE OF BASIC IRON AND STEEL N.E.C. (INCLUDING SMELTING),Mining & Metals,0.5912880301475525
"MANUFACTURE OF OTHER MADE-UP HOUSE FURNISHINGS (EG NAPKINS, TABLE CLOTHS)",Paper & Forest Products,0.5232247710227966
WHOLESALE OF COMMERCIAL FOOD SERVICE EQUIPMENT (EG HOTEL KITCHEN EQUIPMENT),Business Supplies & Equipment,0.6085848808288574
TRAVEL AGENCIES AND TOUR OPERATORS (MAINLY INBOUND),"Leisure, Travel & Tourism",0.6111949682235718
PLASTIC PRODUCT SERVICES,Plastics,0.7371187806129456
MANUFACTURE OF OPTICAL INSTRUMENTS AND PHOTOGRAPHIC EQUIPMENT N.E.C.,Photography,0.4699707627296448
METAL STAMPINGS EXCEPT METAL CAPS,Plastics,0.3750532567501068
MANUFACTURE OF PHARMACEUTICAL INTERMEDIATES AND FINE CHEMICALS FOR HUMAN USE,Chemicals,0.5526558756828308
MANUFACTURE AND REPAIR OF MACHINERY FOR BEVERAGE PRODUCTION,Machinery,0.5326281189918518
"MANUFACTURE OF PLASTIC BOTTLES, BOXES AND CONTAINERS (EXCEPT FOR HOUSEHOLD USE)",Plastics,0.588986873626709
"GAME ARCADE, ONLINE GAME AGGREGATOR, LAN GAME OPERATORS AND GAMING CENTRES",Computer Games,0.5768265724182129
CLEARING AND SETTLEMENT OF FINANCIAL INSTRUMENTS,Banking,0.4674411416053772
"GENERAL INSURANCE (EXCEPT MARINE AND IMPORT, EXPORT & CREDIT INSURANCE)-",Insurance,0.6473159790039062
MANUFACTURE OF BASIC CHEMICALS EXCEPT FERTILISERS AND NITROGEN,Chemicals,0.45130932331085205
PROCESSING AND PRESERVING OF SEAFOOD,Fishery,0.5164240598678589
MANUFACTURE OF SUGAR AND SUGAR PRODUCTS,Food Production,0.47142478823661804
STRUCTURAL REPAIR CONTRACTORS,Construction,0.5475502014160156
PROVIDENT FUNDING,Financial Services,0.48399612307548523
"WHOLESALE OF OTHER INTERMEDIATE PRODUCTS, WASTE AND SCRAP N.E.C.",Wholesale,0.6579407453536987
MANUFACTURE AND REPAIR OF METAL ADDITIVE MANUFACTURING (AM) EQUIPMENT (INCLUDING METAL POWDER),Mining & Metals,0.3950556218624115
"LEASING OF NON-FINANCIAL INTANGIBLE ASSETS (EG PATENTS, TRADEMARKS, BRAND NAMES ETC)",Business Supplies & Equipment,0.3750397861003876
MANUFACTURE OF MILK POWDER,Dairy,0.45410749316215515
"MANUFACTURE AND REPAIR OF REFRIGERATING, AIR-CONDITIONING AND VENTILATING MACHINERY AND EQUIPMENT EXCEPT HOUSEHOLD REFRIGERATORS",Machinery,0.4779854714870453
SHIPPING AGENCIES (FREIGHT),Package/Freight Delivery,0.7529751658439636
"RESIDENTIAL (OTHER THAN TOWN COUNCILS), COMMERCIAL AND INDUSTRIAL REAL ESTATE MANAGEMENT",Commercial Real Estate,0.5629878044128418
WHOLESALE OF PETROCHEMICAL PRODUCTS,Wholesale,0.608151912689209
WHOLESALE OF PET BIRDS AND ANIMALS (INCLUDING FOOD AND ACCESSORIES),Wholesale,0.5968571901321411
PASSENGER FERRY SERVICES,Package/Freight Delivery,0.42631298303604126
EXCAVATION AND EARTHMOVING WORKS,Civil Engineering,0.5784449577331543
MANUFACTURE OF PRINTERS,Printing,0.732206404209137
RECYCLING OF NON-METAL WASTE N.E.C. (EG MARINE CLAY AND OIL SLUDGE),Environmental Services,0.3204801082611084
WEDDING AND RELATED ACTIVITIES (INCLUDING BRIDAL STUDIOS AND WEDDING PLANNERS),"Leisure, Travel & Tourism",0.5095874071121216
STALLS (INCLUDING PUSHCARTS) SELLING OTHER COMMODITIES (OTHER THAN UNCOOKED FOOD),Food & Beverages,0.47614598274230957
OTHER CLEANING SERVICES N.E.C. (EXCLUDING ONLINE MARKETPLACES),Environmental Services,0.46454691886901855
SELF-OPERATED LAUNDRIES,Utilities,0.38916587829589844
"MANUFACTURE OF SOFT DRINKS, PRODUCTION OF MINERAL WATERS (INCLUDING CARBONATED WATERS, SOYA BEAN MILK, BARLEY WATER, CHRYSANTHEMUM WATER)",Food Production,0.514473021030426
SOCIAL SERVICES FOR PERSONS WITH DISABILITIES (E.G. DAY ACTIVITY CENTRES FOR PEOPLE WITH DISABILITIES),Recreational Facilities & Services,0.5662586688995361
FISHING IN KELONGS,Fishery,0.5184327960014343
MANUFACTURE OF FULLY ELECTRONIC WATCHES AND CLOCKS,Consumer Electronics,0.46299684047698975
"MANUFACTURE OF SOCKS, STOCKINGS AND OTHER HOSIERY",Apparel & Fashion,0.6143397092819214
"ETHNIC ASSOCIATIONS (INCLUDING CLAN ASSOCIATIONS, HUAY KUANS)",Civic & Social Organization,0.48415887355804443
CAPTIVE MANAGERS,Management Consulting,0.4508103132247925
"OTHER PLACES OF DETENTION, CORRECTION AND REHABILITATION",Recreational Facilities & Services,0.5087696313858032
"RETAIL SALE OF HARDWARE (EG CHAINS, CHANGKOLS, AXES)",Business Supplies & Equipment,0.5659433603286743
"MINI-MARTS, CONVENIENCE STORES AND PROVISION SHOPS",Retail,0.4601772725582123
MANUFACTURE OF PERFUMES AND FRAGRANCES,Apparel & Fashion,0.49570319056510925
"INSTALLATION OF INDUSTRIAL MACHINERY AND EQUIPMENT, MECHANICAL ENGINEERING WORKS",Mechanical or Industrial Engineering,0.6075167655944824
"RETAIL SALE OF BAGS, LUGGAGE AND TRAVEL ACCESSORIES",Luxury Goods & Jewelry,0.5752863883972168
RETAIL SALE OF FRUITS AND VEGETABLES,Consumer Goods,0.4946795701980591
"RETAIL SALE OF MEAT, POULTRY, EGGS AND SEAFOOD",Food & Beverages,0.5467493534088135
WRECKING AND DEMOLITION WORKS,Construction,0.6158148646354675
WHOLESALE OF CHEMICAL FERTILISERS,Wholesale,0.48665517568588257
WHOLESALE OF ADULTS' CLOTHING,Wholesale,0.6522606611251831
CONSTRUCTION OF OTHER CIVIL ENGINEERING PROJECTS N.E.C. (EG PLAYGROUND SYSTEMS),Civil Engineering,0.6052018404006958
WHOLESALE OF CUT FLOWERS AND PLANTS,Wholesale,0.5404889583587646
WHOLESALE OF TROPICAL PRODUCE N.E.C.,Wholesale,0.5730228424072266
"RETAIL SALE OF FURNISHINGS (EG CURTAINS, CARPETS, PILLOW CASES)",Luxury Goods & Jewelry,0.5279456973075867
HAIRDRESSING SALONS/SHOPS (INCLUDING BARBER SHOPS),Restaurants,0.42936861515045166
MANUFACTURE OF FOAM RUBBER PRODUCTS (EXCLUDING FOAM RUBBER MATTRESSES),Paper & Forest Products,0.4144150912761688
WHOLESALE OF PARTS AND ACCESSORIES FOR VEHICLES,Wholesale,0.6331464052200317
WHOLESALE OF METALS AND METAL ORES (EG STEEL PIPES) EXCEPT GENERAL HARDWARE,Business Supplies & Equipment,0.5349586009979248
RETAIL SALE OF SPECIFIC COMMODITIES N.E.C.,Consumer Goods,0.5934634208679199
PHOTOGRAPHIC ACTIVITIES,Photography,0.7856141328811646
ACTIVITIES OF HOUSEHOLDS AS EMPLOYERS OF OTHER DOMESTIC PERSONNEL (EG HOUSEKEEPERS),Individual & Family Services,0.38818010687828064
GROWING OF OTHER CROPS,Food Production,0.679863452911377
NON-FERROUS METAL FOUNDRIES,Mining & Metals,0.5474473237991333
OTHER SPECIALISED OFFICE SUPPORT ACTIVITIES N.E.C.,Facilities Services,0.5161327123641968
MANUFACTURE OF CONTAINERS AND BOXES OF PAPER AND PAPERBOARD,Paper & Forest Products,0.6159276962280273
MANUFACTURE OF OTHER FOOD PRODUCTS N.E.C. (EXCEPT FOOD CHEMICALS AND ADDITIVES),Food Production,0.5870208144187927
"PRINTING OF PERIODICALS, BOOKS AND MAGAZINES",Printing,0.6825949549674988
ADVERTISING ACTIVITIES,Marketing & Advertising,0.7366786599159241
"MANUFACTURE OF METAL DOORS, WINDOW AND DOOR FRAMES, GRILLES AND GRATINGS",Mining & Metals,0.45496395230293274
RENTAL AND LEASING OF FREIGHT LAND TRANSPORT VEHICLE (E.G. LORRIES AND TRUCKS) WITH DRIVER,Package/Freight Delivery,0.4808274507522583
GROWING OF ORCHIDS,Food Production,0.3354828953742981
"MANUFACTURE OF DIES, MOULDS, TOOLS, JIGS AND FIXTURES",Mechanical or Industrial Engineering,0.4888836145401001
INFORMATION TECHNOLOGY CYBERSECURITY CONSULTANCY,Information Technology & Services,0.5545860528945923
MANUFACTURE AND ASSEMBLY OF AIRCRAFT AND SPACECRAFT (INCLUDING AIRCRAFT ENGINES AND OTHER PARTS),Mechanical or Industrial Engineering,0.5131309032440186
MANUFACTURE OF WAXES AND POLISHES AND DEODORISING PREPARATIONS,Cosmetics,0.42541518807411194
MANUFACTURE AND REPAIR OF WEAPONS AND AMMUNITION (EG ORDNANCE AND ACCESSORIES),Mechanical or Industrial Engineering,0.5151352286338806
DOMESTIC/HOUSEHOLD CLEANING SERVICES (EXCLUDING ONLINE MARKETPLACES),Consumer Services,0.38492244482040405
MANUFACTURE OF MUSICAL INSTRUMENTS,Machinery,0.41545820236206055
MANUFACTURE OF TELECOMMUNICATIONS CABLES AND WIRES,Telecommunications,0.5839839577674866
CURTAIN WALLING/CLADDING WORKS,Building Materials,0.39817526936531067
MOBILE CELLULAR AND OTHER WIRELESS TELECOMMUNICATIONS NETWORK OPERATION,Telecommunications,0.6142235398292542
MANUFACTURE OF CHOCOLATE AND CHOCOLATE PRODUCTS,Food Production,0.4233463406562805
EXAMINATION AND ACCREDITATION AGENCIES FOR EDUCATION SERVICES,Education Management,0.5398609638214111
RESIDENTIAL CARE SERVICES FOR THE ELDERLY (EG HOME FOR THE AGED),Facilities Services,0.5883381962776184
MANUFACTURE OF MALT LIQUORS AND MALT (EG BEER AND STOUT),Wine & Spirits,0.44417738914489746
AGROTECHNOLOGY CONSULTANCY SERVICES,Food Production,0.45235753059387207
JUDICIARY AND RELATED SERVICES,Legal Services,0.654486894607544
MANUFACTURE OF STARCHES AND STARCH PRODUCTS,Food Production,0.4571314752101898
"LANDSCAPE PLANTING, CARE AND MAINTENANCE SERVICE ACTIVITIES (EG GARDEN INSTALLATION AND MAINTENANCE, GRASS CUTTING, TREE FELLING, PRUNING)",Environmental Services,0.493841290473938
SALVAGING OF DISTRESSED VESSELS AND CARGOS,Shipbuilding,0.515099287033081
MANUFACTURE OF PLASTIC PIPES AND TUBES,Plastics,0.5171598196029663
AGRICULTURAL AND ANIMAL HUSBANDRY SERVICE ACTIVITIES EXCEPT VETERINARY ACTIVITIES,Veterinary,0.47636091709136963
FULL BANKS,Banking,0.6557203531265259
ROOFING WORKS (INCLUDING TIMBER CARCASSING),Building Materials,0.40767374634742737
GROWING OF LEAFY AND FRUIT VEGETABLES,Food Production,0.54868483543396
AIRPORT TERMINAL SERVICES (E.G. GROUND SERVICE ACTIVITIES),Facilities Services,0.5344235897064209
MANUFACTURE OF CONDENSED AND EVAPORATED MILK (INCLUDING PASTEURISING AND BOTTLING OF FLUID MILK),Dairy,0.4714178442955017
RENTING AND LEASING OF PROFESSIONAL RADIO AND TELEVISION SETS AND SOUND REPRODUCING AND RECORDING EQUIPMENT,Business Supplies & Equipment,0.49630993604660034
"MANUFACTURE OF OTHER CHEMICAL PRODUCTS N.E.C. (EG GELATIN AND DERIVATIVES, LAUNDRY BLUE, EXPLOSIVES, PROCESSED SALTS, INDUSTRIAL STARCH, INCENSE AND JOSS STICKS, CAMPHOR PRODUCTS)",Chemicals,0.5136564373970032
CLINICS AND OTHER GENERAL MEDICAL SERVICES (NON-WESTERN),Hospital & Health Care,0.6464778184890747
RETAIL SALE OF SPARE PARTS AND ACCESSORIES FOR MOTOR VEHICLES,Business Supplies & Equipment,0.5448553562164307
MASSAGE PARLOURS AND FOOT REFLEXOLOGY,Medical Practice,0.5085676908493042
EXHIBITION ORGANISERS,Events Services,0.5214953422546387
"BEAUTY SALONS AND SPAS (INCLUDING SLIMMING, SKIN CARE AND HAIR CARE CENTRES)","Leisure, Travel & Tourism",0.48780351877212524
WHOLESALE OF FOOTWEAR,Wholesale,0.6564791798591614
WHOLESALE OF BOOKS AND MAGAZINES,Wholesale,0.6286356449127197
"TRUSTEE, FIDUCIARY AND CUSTODY SERVICES FIRMS (INCLUDING NOMINEE COMPANIES, TRUSTEES AND REIT TRUSTEES)",Legal Services,0.5272956490516663
CHURCHES,Religious Institutions,0.7737246155738831
SHIP BROKERING SERVICES,Package/Freight Delivery,0.5505976676940918
MANUFACTURE OF BASIC INDUSTRIAL ACIDS AND ALKALIS,Building Materials,0.3285970091819763
RETAIL SALE OF COMPUTER AND OFFICE EQUIPMENT CONSUMABLES (EG PRINTER CARTRIDGES),Business Supplies & Equipment,0.6025317907333374
WHOLESALE OF COMPUTER SOFTWARE (EXCEPT GAMES AND CYBERSECURITY SOFTWARE),Wholesale,0.418313205242157
MANUFACTURE OF METAL PIPES AND TUBES,Mining & Metals,0.49475741386413574
MEDICAL LABORATORIES (E.G. BLOOD ANALYSIS LABORATORIES),Medical Devices,0.5169806480407715
MANUFACTURE OF BAKERY PRODUCTS N.E.C.,Food & Beverages,0.48747217655181885
STEVEDORING SERVICES,Facilities Services,0.5419537425041199
HOSTING SERVICES BY NON-DATA CENTRES,Outsourcing/Offshoring,0.36395734548568726
AIRCRAFT CHARTERING WITH OPERATOR,Airlines/Aviation,0.341700941324234
OTHER INFORMATION SERVICE ACTIVITIES N.E.C.,Information Services,0.7118166089057922
DEVELOPMENT OF SOFTWARE FOR CYBERSECURITY,Computer & Network Security,0.493094801902771
PROCESSING OF NATURAL GAS,Food Production,0.3302139639854431
MANUFACTURE OF SOLAR WAFERS,Semiconductors,0.4897540211677551
BUILDING COMPLETION AND FINISHING N.E.C.,Construction,0.6102685928344727
QUARRYING OF SAND AND CLAY,Mining & Metals,0.45422497391700745
"MANUFACTURE AND ASSEMBLY OF BICYCLES, TRICYCLES, TRISHAWS AND INVALID CARRIAGES (INCLUDING PARTS AND ACCESSORIES)",Machinery,0.442055344581604
TRAVEL AGENCIES AND TOUR OPERATORS (MAINLY OUTBOUND),"Leisure, Travel & Tourism",0.5794291496276855
"MANUFACTURE OF INKS, DYESTUFFS, PIGMENTS AND CARBON BLACK",Printing,0.5107510089874268
MANUFACTURE OF KNITTED AND CROCHETED FABRICS AND LACES,Textiles,0.6681401133537292
MANUFACTURE OF OFFICE MACHINERY AND EQUIPMENT (EXCEPT COMPUTERS AND PERIPHERAL EQUIPMENT),Business Supplies & Equipment,0.6573275923728943
MANUFACTURE OF PIPE FITTINGS,Shipbuilding,0.3863600194454193
GLASS AND GLAZING WORKS (INCLUDING MIRROR AND SHOWER SCREEN INSTALLATION),Cosmetics,0.16972169280052185
INSURANCE BROKERS,Insurance,0.6484774351119995
CRUDE PETROLEUM AND NATURAL GAS PRODUCTION,Oil & Energy,0.744074285030365
SHIP BUNKERING,Shipbuilding,0.6264004707336426
RESEARCH AND EXPERIMENTAL DEVELOPMENT ON SOCIAL SCIENCES AND HUMANITIES,Research,0.4737224578857422
RETAIL SALE OF ANTIQUES AND WORKS OF ART,Luxury Goods & Jewelry,0.6016724705696106
"MANUFACTURE AND REPAIR OF PUMPS, COMPRESSORS, TAPS AND VALVES N.E.C.",Mechanical or Industrial Engineering,0.49471163749694824
BRANCHES OF FOREIGN SHIPPING LINES,Shipbuilding,0.47908610105514526
"RENTING OF OTHER MACHINERY, EQUIPMENT AND TANGIBLE GOODS N.E.C. (EXCLUDING ONLINE MARKETPLACES)",Business Supplies & Equipment,0.5693256855010986
CARE SERVICES FOR PETS AND ANIMALS,Facilities Services,0.566174328327179
"WHOLESALE OF PAPER, PAPER AND CELLOPHANE PRODUCTS AND STATIONERY N.E.C.",Wholesale,0.6057751178741455
AIRLINES (FREIGHT),Airlines/Aviation,0.74830162525177
MANUFACTURE AND REPAIR OF IRRADIATION AND ELECTROMEDICAL EQUIPMENT AND INSTRUMENTS,Medical Devices,0.50222247838974
"ORCHESTRAS, MUSICAL BANDS, CHOIRS AND DANCE GROUPS",Performing Arts,0.56914222240448
REFRIGERATED WAREHOUSING AND STORAGE,Warehousing,0.6352629661560059
MANUFACTURE OF DISK MEDIA,Consumer Electronics,0.4322231709957123
MANUFACTURE AND REPAIR OF ENGINEERING AND SCIENTIFIC INSTRUMENTS,Mechanical or Industrial Engineering,0.493339478969574
"MANUFACTURE OF CORDIALS, SYRUPS AND COMPOSITE CONCENTRATES FOR BEVERAGES",Wine & Spirits,0.45267629623413086
LIFE REINSURANCE,Insurance,0.6707029342651367
MANUFACTURE AND REPAIR OF WOODWORKING MACHINERY,Machinery,0.5311475396156311
"MANUFACTURE OF PETROCHEMICAL PRIMARY PRODUCTS (EG OLEFINS, AROMATICS, BASIC BUILDING BLOCKS)",Oil & Energy,0.4407176077365875
SIGNCRAFT INSTALLATION,Program Development,0.10367213189601898
CIVIL DEFENCE,Defense & Space,0.5634158849716187
"MANUFACTURE OF WATER TREATMENT, WASTE TREATMENT AND OILFIELD CHEMICALS",Mining & Metals,0.4566994309425354
MANUFACTURE OF GRAIN MILL PRODUCTS N.E.C.,Food Production,0.5259430408477783
TREATMENT AND DISPOSAL OF WASTE (INCLUDING REMEDIATION ACTIVITIES),Environmental Services,0.5084363222122192
OPERATION OF SEWER SYSTEMS (INCLUDING SEWER TREATMENT FACILITIES),Facilities Services,0.40845853090286255
"MANUFACTURE OF WOODEN WINDOW, DOOR AND OTHER MILLWORK, EXCEPT PREFABRICATED WOODEN BUILDING STRUCTURES",Building Materials,0.531184196472168
CAPTIVE INSURANCE,Insurance,0.731946587562561
ELECTRONICS-RELATED INDUSTRIAL DESIGN SERVICES,Consumer Electronics,0.5035635232925415
WHOLESALE OF TOYS AND GAMES,Wholesale,0.6712386012077332
MANUFACTURE OF ADHESIVES AND SEALANTS,Building Materials,0.3540545701980591
COMMERCIAL SCHOOLS OFFERING GENERAL SECONDARY AND POST-SECONDARY NON-TERTIARY EDUCATION PROGRAMMES,Primary/Secondary Education,0.5725745558738708
OTHER SOCIAL SERVICES WITHOUT ACCOMMODATION N.E.C.,Hospital & Health Care,0.4894053041934967
WHOLESALE OF MUSICAL INSTRUMENTS AND SCORES,Wholesale,0.4628288149833679
OTHER RESIDENTIAL CARE SERVICES N.E.C.,Individual & Family Services,0.5958922505378723
MANUFACTURE OF EPOXY MOULDING COMPOUNDS AND PHENOLIC MOULDING COMPOUNDS,Building Materials,0.4171905517578125
"RETAIL SALE OF CYBERSECURITY SOFTWARE, HARDWARE AND PERIPHERAL EQUIPMENT",Business Supplies & Equipment,0.5306968092918396
MANUFACTURE OF REFINED PETROLEUM PRODUCTS N.E.C.,Oil & Energy,0.569766640663147
"PREPARING, CANNING AND PRESERVING OF POULTRY AND POULTRY PRODUCTS",Food Production,0.4468250870704651
"PRESERVATION OF HISTORICAL SITES, BUILDINGS, ARTEFACTS AND PAINTINGS, CULTURAL VILLAGES AND OTHER RELATED ACTIVITIES N.E.C.","Leisure, Travel & Tourism",0.45851898193359375
VETERINARY ACTIVITIES,Veterinary,0.7659904360771179
CENTRAL BANK,Banking,0.6612488627433777
"MANUFACTURE OF ENAMELLED WIRES (USED FOR WINDING OF MOTORS, TRANSFORMERS ETC)",Electrical and Electronics,0.3670998215675354
